[2026-08-10T15:05:25.297+0000] {processor.py:161} INFO - Started process (PID=66) to work on /opt/airflow/dags/main.py
[2026-08-10T15:05:25.300+0000] {processor.py:830} INFO - Processing file /opt/airflow/dags/main.py for tasks to queue
[2026-08-10T15:05:25.304+0000] {logging_mixin.py:188} INFO - [2026-08-10T15:05:25.303+0000] {dagbag.py:545} INFO - Filling up the DagBag from /opt/airflow/dags/main.py
[2026-08-10T15:05:25.412+0000] {logging_mixin.py:188} INFO - [2026-08-10T15:05:25.405+0000] {dagbag.py:355} ERROR - Failed to import: /opt/airflow/dags/main.py
Traceback (most recent call last):
  File "/home/airflow/.local/lib/python3.10/site-packages/airflow/models/dagbag.py", line 351, in parse
    loader.exec_module(new_module)
  File "<frozen importlib._bootstrap_external>", line 883, in exec_module
  File "<frozen importlib._bootstrap>", line 241, in _call_with_frames_removed
  File "/opt/airflow/dags/main.py", line 6, in <module>
    from api.video_stats import (
ImportError: cannot import name 'extract_video_data' from 'api.video_stats' (/opt/airflow/dags/api/video_stats.py)
[2026-08-10T15:05:25.414+0000] {processor.py:842} WARNING - No viable dags retrieved from /opt/airflow/dags/main.py
[2026-08-10T15:05:25.448+0000] {processor.py:183} INFO - Processing /opt/airflow/dags/main.py took 0.164 seconds
[2026-08-10T15:05:55.988+0000] {processor.py:161} INFO - Started process (PID=73) to work on /opt/airflow/dags/main.py
[2026-08-10T15:05:55.991+0000] {processor.py:830} INFO - Processing file /opt/airflow/dags/main.py for tasks to queue
[2026-08-10T15:05:55.997+0000] {logging_mixin.py:188} INFO - [2026-08-10T15:05:55.996+0000] {dagbag.py:545} INFO - Filling up the DagBag from /opt/airflow/dags/main.py
[2026-08-10T15:05:56.080+0000] {logging_mixin.py:188} INFO - [2026-08-10T15:05:56.073+0000] {dagbag.py:355} ERROR - Failed to import: /opt/airflow/dags/main.py
Traceback (most recent call last):
  File "/home/airflow/.local/lib/python3.10/site-packages/airflow/models/dagbag.py", line 351, in parse
    loader.exec_module(new_module)
  File "<frozen importlib._bootstrap_external>", line 883, in exec_module
  File "<frozen importlib._bootstrap>", line 241, in _call_with_frames_removed
  File "/opt/airflow/dags/main.py", line 6, in <module>
    from api.video_stats import (
ImportError: cannot import name 'extract_video_data' from 'api.video_stats' (/opt/airflow/dags/api/video_stats.py)
[2026-08-10T15:05:56.082+0000] {processor.py:842} WARNING - No viable dags retrieved from /opt/airflow/dags/main.py
[2026-08-10T15:05:56.104+0000] {processor.py:183} INFO - Processing /opt/airflow/dags/main.py took 0.132 seconds
[2026-08-10T15:06:26.933+0000] {processor.py:161} INFO - Started process (PID=80) to work on /opt/airflow/dags/main.py
[2026-08-10T15:06:26.935+0000] {processor.py:830} INFO - Processing file /opt/airflow/dags/main.py for tasks to queue
[2026-08-10T15:06:26.939+0000] {logging_mixin.py:188} INFO - [2026-08-10T15:06:26.939+0000] {dagbag.py:545} INFO - Filling up the DagBag from /opt/airflow/dags/main.py
[2026-08-10T15:06:27.012+0000] {logging_mixin.py:188} INFO - [2026-08-10T15:06:27.008+0000] {dagbag.py:355} ERROR - Failed to import: /opt/airflow/dags/main.py
Traceback (most recent call last):
  File "/home/airflow/.local/lib/python3.10/site-packages/airflow/models/dagbag.py", line 351, in parse
    loader.exec_module(new_module)
  File "<frozen importlib._bootstrap_external>", line 883, in exec_module
  File "<frozen importlib._bootstrap>", line 241, in _call_with_frames_removed
  File "/opt/airflow/dags/main.py", line 6, in <module>
    from api.video_stats import (
ImportError: cannot import name 'extract_video_data' from 'api.video_stats' (/opt/airflow/dags/api/video_stats.py)
[2026-08-10T15:06:27.014+0000] {processor.py:842} WARNING - No viable dags retrieved from /opt/airflow/dags/main.py
[2026-08-10T15:06:27.034+0000] {processor.py:183} INFO - Processing /opt/airflow/dags/main.py took 0.111 seconds
[2026-08-10T15:06:57.461+0000] {processor.py:161} INFO - Started process (PID=87) to work on /opt/airflow/dags/main.py
[2026-08-10T15:06:57.464+0000] {processor.py:830} INFO - Processing file /opt/airflow/dags/main.py for tasks to queue
[2026-08-10T15:06:57.471+0000] {logging_mixin.py:188} INFO - [2026-08-10T15:06:57.470+0000] {dagbag.py:545} INFO - Filling up the DagBag from /opt/airflow/dags/main.py
[2026-08-10T15:06:57.554+0000] {logging_mixin.py:188} INFO - [2026-08-10T15:06:57.550+0000] {dagbag.py:355} ERROR - Failed to import: /opt/airflow/dags/main.py
Traceback (most recent call last):
  File "/home/airflow/.local/lib/python3.10/site-packages/airflow/models/dagbag.py", line 351, in parse
    loader.exec_module(new_module)
  File "<frozen importlib._bootstrap_external>", line 883, in exec_module
  File "<frozen importlib._bootstrap>", line 241, in _call_with_frames_removed
  File "/opt/airflow/dags/main.py", line 6, in <module>
    from api.video_stats import (
ImportError: cannot import name 'extract_video_data' from 'api.video_stats' (/opt/airflow/dags/api/video_stats.py)
[2026-08-10T15:06:57.556+0000] {processor.py:842} WARNING - No viable dags retrieved from /opt/airflow/dags/main.py
[2026-08-10T15:06:57.587+0000] {processor.py:183} INFO - Processing /opt/airflow/dags/main.py took 0.142 seconds
[2026-08-10T15:07:28.338+0000] {processor.py:161} INFO - Started process (PID=94) to work on /opt/airflow/dags/main.py
[2026-08-10T15:07:28.340+0000] {processor.py:830} INFO - Processing file /opt/airflow/dags/main.py for tasks to queue
[2026-08-10T15:07:28.343+0000] {logging_mixin.py:188} INFO - [2026-08-10T15:07:28.342+0000] {dagbag.py:545} INFO - Filling up the DagBag from /opt/airflow/dags/main.py
[2026-08-10T15:07:28.408+0000] {logging_mixin.py:188} INFO - [2026-08-10T15:07:28.403+0000] {dagbag.py:355} ERROR - Failed to import: /opt/airflow/dags/main.py
Traceback (most recent call last):
  File "/home/airflow/.local/lib/python3.10/site-packages/airflow/models/dagbag.py", line 351, in parse
    loader.exec_module(new_module)
  File "<frozen importlib._bootstrap_external>", line 883, in exec_module
  File "<frozen importlib._bootstrap>", line 241, in _call_with_frames_removed
  File "/opt/airflow/dags/main.py", line 6, in <module>
    from api.video_stats import (
ImportError: cannot import name 'extract_video_data' from 'api.video_stats' (/opt/airflow/dags/api/video_stats.py)
[2026-08-10T15:07:28.409+0000] {processor.py:842} WARNING - No viable dags retrieved from /opt/airflow/dags/main.py
[2026-08-10T15:07:28.434+0000] {processor.py:183} INFO - Processing /opt/airflow/dags/main.py took 0.106 seconds
[2026-08-10T15:07:59.100+0000] {processor.py:161} INFO - Started process (PID=101) to work on /opt/airflow/dags/main.py
[2026-08-10T15:07:59.102+0000] {processor.py:830} INFO - Processing file /opt/airflow/dags/main.py for tasks to queue
[2026-08-10T15:07:59.105+0000] {logging_mixin.py:188} INFO - [2026-08-10T15:07:59.105+0000] {dagbag.py:545} INFO - Filling up the DagBag from /opt/airflow/dags/main.py
[2026-08-10T15:07:59.191+0000] {logging_mixin.py:188} INFO - [2026-08-10T15:07:59.185+0000] {dagbag.py:355} ERROR - Failed to import: /opt/airflow/dags/main.py
Traceback (most recent call last):
  File "/home/airflow/.local/lib/python3.10/site-packages/airflow/models/dagbag.py", line 351, in parse
    loader.exec_module(new_module)
  File "<frozen importlib._bootstrap_external>", line 883, in exec_module
  File "<frozen importlib._bootstrap>", line 241, in _call_with_frames_removed
  File "/opt/airflow/dags/main.py", line 6, in <module>
    from api.video_stats import (
ImportError: cannot import name 'extract_video_data' from 'api.video_stats' (/opt/airflow/dags/api/video_stats.py)
[2026-08-10T15:07:59.195+0000] {processor.py:842} WARNING - No viable dags retrieved from /opt/airflow/dags/main.py
[2026-08-10T15:07:59.221+0000] {processor.py:183} INFO - Processing /opt/airflow/dags/main.py took 0.128 seconds
[2026-08-10T15:08:29.679+0000] {processor.py:161} INFO - Started process (PID=108) to work on /opt/airflow/dags/main.py
[2026-08-10T15:08:29.681+0000] {processor.py:830} INFO - Processing file /opt/airflow/dags/main.py for tasks to queue
[2026-08-10T15:08:29.684+0000] {logging_mixin.py:188} INFO - [2026-08-10T15:08:29.683+0000] {dagbag.py:545} INFO - Filling up the DagBag from /opt/airflow/dags/main.py
[2026-08-10T15:08:29.752+0000] {logging_mixin.py:188} INFO - [2026-08-10T15:08:29.745+0000] {dagbag.py:355} ERROR - Failed to import: /opt/airflow/dags/main.py
Traceback (most recent call last):
  File "/home/airflow/.local/lib/python3.10/site-packages/airflow/models/dagbag.py", line 351, in parse
    loader.exec_module(new_module)
  File "<frozen importlib._bootstrap_external>", line 883, in exec_module
  File "<frozen importlib._bootstrap>", line 241, in _call_with_frames_removed
  File "/opt/airflow/dags/main.py", line 6, in <module>
    from api.video_stats import (
ImportError: cannot import name 'extract_video_data' from 'api.video_stats' (/opt/airflow/dags/api/video_stats.py)
[2026-08-10T15:08:29.753+0000] {processor.py:842} WARNING - No viable dags retrieved from /opt/airflow/dags/main.py
[2026-08-10T15:08:29.815+0000] {processor.py:183} INFO - Processing /opt/airflow/dags/main.py took 0.148 seconds
[2026-08-10T15:09:00.416+0000] {processor.py:161} INFO - Started process (PID=115) to work on /opt/airflow/dags/main.py
[2026-08-10T15:09:00.418+0000] {processor.py:830} INFO - Processing file /opt/airflow/dags/main.py for tasks to queue
[2026-08-10T15:09:00.422+0000] {logging_mixin.py:188} INFO - [2026-08-10T15:09:00.421+0000] {dagbag.py:545} INFO - Filling up the DagBag from /opt/airflow/dags/main.py
[2026-08-10T15:09:00.499+0000] {logging_mixin.py:188} INFO - [2026-08-10T15:09:00.489+0000] {dagbag.py:355} ERROR - Failed to import: /opt/airflow/dags/main.py
Traceback (most recent call last):
  File "/home/airflow/.local/lib/python3.10/site-packages/airflow/models/dagbag.py", line 351, in parse
    loader.exec_module(new_module)
  File "<frozen importlib._bootstrap_external>", line 883, in exec_module
  File "<frozen importlib._bootstrap>", line 241, in _call_with_frames_removed
  File "/opt/airflow/dags/main.py", line 6, in <module>
    from api.video_stats import (
ImportError: cannot import name 'extract_video_data' from 'api.video_stats' (/opt/airflow/dags/api/video_stats.py)
[2026-08-10T15:09:00.502+0000] {processor.py:842} WARNING - No viable dags retrieved from /opt/airflow/dags/main.py
[2026-08-10T15:09:00.524+0000] {processor.py:183} INFO - Processing /opt/airflow/dags/main.py took 0.124 seconds
[2026-08-10T15:09:31.069+0000] {processor.py:161} INFO - Started process (PID=122) to work on /opt/airflow/dags/main.py
[2026-08-10T15:09:31.071+0000] {processor.py:830} INFO - Processing file /opt/airflow/dags/main.py for tasks to queue
[2026-08-10T15:09:31.075+0000] {logging_mixin.py:188} INFO - [2026-08-10T15:09:31.075+0000] {dagbag.py:545} INFO - Filling up the DagBag from /opt/airflow/dags/main.py
[2026-08-10T15:09:31.194+0000] {logging_mixin.py:188} INFO - [2026-08-10T15:09:31.185+0000] {dagbag.py:355} ERROR - Failed to import: /opt/airflow/dags/main.py
Traceback (most recent call last):
  File "/home/airflow/.local/lib/python3.10/site-packages/airflow/models/dagbag.py", line 351, in parse
    loader.exec_module(new_module)
  File "<frozen importlib._bootstrap_external>", line 883, in exec_module
  File "<frozen importlib._bootstrap>", line 241, in _call_with_frames_removed
  File "/opt/airflow/dags/main.py", line 6, in <module>
    from api.video_stats import (
ImportError: cannot import name 'extract_video_data' from 'api.video_stats' (/opt/airflow/dags/api/video_stats.py)
[2026-08-10T15:09:31.197+0000] {processor.py:842} WARNING - No viable dags retrieved from /opt/airflow/dags/main.py
[2026-08-10T15:09:31.229+0000] {processor.py:183} INFO - Processing /opt/airflow/dags/main.py took 0.174 seconds
[2026-08-10T15:10:01.768+0000] {processor.py:161} INFO - Started process (PID=129) to work on /opt/airflow/dags/main.py
[2026-08-10T15:10:01.769+0000] {processor.py:830} INFO - Processing file /opt/airflow/dags/main.py for tasks to queue
[2026-08-10T15:10:01.773+0000] {logging_mixin.py:188} INFO - [2026-08-10T15:10:01.772+0000] {dagbag.py:545} INFO - Filling up the DagBag from /opt/airflow/dags/main.py
[2026-08-10T15:10:01.843+0000] {logging_mixin.py:188} INFO - [2026-08-10T15:10:01.836+0000] {dagbag.py:355} ERROR - Failed to import: /opt/airflow/dags/main.py
Traceback (most recent call last):
  File "/home/airflow/.local/lib/python3.10/site-packages/airflow/models/dagbag.py", line 351, in parse
    loader.exec_module(new_module)
  File "<frozen importlib._bootstrap_external>", line 883, in exec_module
  File "<frozen importlib._bootstrap>", line 241, in _call_with_frames_removed
  File "/opt/airflow/dags/main.py", line 6, in <module>
    from api.video_stats import (
ImportError: cannot import name 'extract_video_data' from 'api.video_stats' (/opt/airflow/dags/api/video_stats.py)
[2026-08-10T15:10:01.845+0000] {processor.py:842} WARNING - No viable dags retrieved from /opt/airflow/dags/main.py
[2026-08-10T15:10:01.874+0000] {processor.py:183} INFO - Processing /opt/airflow/dags/main.py took 0.116 seconds
[2026-08-10T15:10:32.757+0000] {processor.py:161} INFO - Started process (PID=136) to work on /opt/airflow/dags/main.py
[2026-08-10T15:10:32.759+0000] {processor.py:830} INFO - Processing file /opt/airflow/dags/main.py for tasks to queue
[2026-08-10T15:10:32.762+0000] {logging_mixin.py:188} INFO - [2026-08-10T15:10:32.762+0000] {dagbag.py:545} INFO - Filling up the DagBag from /opt/airflow/dags/main.py
[2026-08-10T15:10:32.852+0000] {logging_mixin.py:188} INFO - [2026-08-10T15:10:32.844+0000] {dagbag.py:355} ERROR - Failed to import: /opt/airflow/dags/main.py
Traceback (most recent call last):
  File "/home/airflow/.local/lib/python3.10/site-packages/airflow/models/dagbag.py", line 351, in parse
    loader.exec_module(new_module)
  File "<frozen importlib._bootstrap_external>", line 883, in exec_module
  File "<frozen importlib._bootstrap>", line 241, in _call_with_frames_removed
  File "/opt/airflow/dags/main.py", line 6, in <module>
    from api.video_stats import (
ImportError: cannot import name 'extract_video_data' from 'api.video_stats' (/opt/airflow/dags/api/video_stats.py)
[2026-08-10T15:10:32.855+0000] {processor.py:842} WARNING - No viable dags retrieved from /opt/airflow/dags/main.py
[2026-08-10T15:10:32.879+0000] {processor.py:183} INFO - Processing /opt/airflow/dags/main.py took 0.131 seconds
[2026-08-10T15:11:03.179+0000] {processor.py:161} INFO - Started process (PID=143) to work on /opt/airflow/dags/main.py
[2026-08-10T15:11:03.182+0000] {processor.py:830} INFO - Processing file /opt/airflow/dags/main.py for tasks to queue
[2026-08-10T15:11:03.190+0000] {logging_mixin.py:188} INFO - [2026-08-10T15:11:03.189+0000] {dagbag.py:545} INFO - Filling up the DagBag from /opt/airflow/dags/main.py
[2026-08-10T15:11:03.321+0000] {logging_mixin.py:188} INFO - [2026-08-10T15:11:03.312+0000] {dagbag.py:355} ERROR - Failed to import: /opt/airflow/dags/main.py
Traceback (most recent call last):
  File "/home/airflow/.local/lib/python3.10/site-packages/airflow/models/dagbag.py", line 351, in parse
    loader.exec_module(new_module)
  File "<frozen importlib._bootstrap_external>", line 883, in exec_module
  File "<frozen importlib._bootstrap>", line 241, in _call_with_frames_removed
  File "/opt/airflow/dags/main.py", line 6, in <module>
    from api.video_stats import (
ImportError: cannot import name 'extract_video_data' from 'api.video_stats' (/opt/airflow/dags/api/video_stats.py)
[2026-08-10T15:11:03.326+0000] {processor.py:842} WARNING - No viable dags retrieved from /opt/airflow/dags/main.py
[2026-08-10T15:11:03.369+0000] {processor.py:183} INFO - Processing /opt/airflow/dags/main.py took 0.209 seconds
[2026-08-10T15:11:33.949+0000] {processor.py:161} INFO - Started process (PID=150) to work on /opt/airflow/dags/main.py
[2026-08-10T15:11:33.952+0000] {processor.py:830} INFO - Processing file /opt/airflow/dags/main.py for tasks to queue
[2026-08-10T15:11:33.957+0000] {logging_mixin.py:188} INFO - [2026-08-10T15:11:33.956+0000] {dagbag.py:545} INFO - Filling up the DagBag from /opt/airflow/dags/main.py
[2026-08-10T15:11:34.094+0000] {logging_mixin.py:188} INFO - [2026-08-10T15:11:34.084+0000] {dagbag.py:355} ERROR - Failed to import: /opt/airflow/dags/main.py
Traceback (most recent call last):
  File "/home/airflow/.local/lib/python3.10/site-packages/airflow/models/dagbag.py", line 351, in parse
    loader.exec_module(new_module)
  File "<frozen importlib._bootstrap_external>", line 883, in exec_module
  File "<frozen importlib._bootstrap>", line 241, in _call_with_frames_removed
  File "/opt/airflow/dags/main.py", line 6, in <module>
    from api.video_stats import (
ImportError: cannot import name 'extract_video_data' from 'api.video_stats' (/opt/airflow/dags/api/video_stats.py)
[2026-08-10T15:11:34.098+0000] {processor.py:842} WARNING - No viable dags retrieved from /opt/airflow/dags/main.py
[2026-08-10T15:11:34.147+0000] {processor.py:183} INFO - Processing /opt/airflow/dags/main.py took 0.219 seconds
[2026-08-10T15:12:04.774+0000] {processor.py:161} INFO - Started process (PID=157) to work on /opt/airflow/dags/main.py
[2026-08-10T15:12:04.776+0000] {processor.py:830} INFO - Processing file /opt/airflow/dags/main.py for tasks to queue
[2026-08-10T15:12:04.779+0000] {logging_mixin.py:188} INFO - [2026-08-10T15:12:04.778+0000] {dagbag.py:545} INFO - Filling up the DagBag from /opt/airflow/dags/main.py
[2026-08-10T15:12:04.885+0000] {logging_mixin.py:188} INFO - [2026-08-10T15:12:04.879+0000] {dagbag.py:355} ERROR - Failed to import: /opt/airflow/dags/main.py
Traceback (most recent call last):
  File "/home/airflow/.local/lib/python3.10/site-packages/airflow/models/dagbag.py", line 351, in parse
    loader.exec_module(new_module)
  File "<frozen importlib._bootstrap_external>", line 883, in exec_module
  File "<frozen importlib._bootstrap>", line 241, in _call_with_frames_removed
  File "/opt/airflow/dags/main.py", line 6, in <module>
    from api.video_stats import (
ImportError: cannot import name 'extract_video_data' from 'api.video_stats' (/opt/airflow/dags/api/video_stats.py)
[2026-08-10T15:12:04.890+0000] {processor.py:842} WARNING - No viable dags retrieved from /opt/airflow/dags/main.py
[2026-08-10T15:12:04.928+0000] {processor.py:183} INFO - Processing /opt/airflow/dags/main.py took 0.165 seconds
[2026-08-10T15:12:35.742+0000] {processor.py:161} INFO - Started process (PID=164) to work on /opt/airflow/dags/main.py
[2026-08-10T15:12:35.744+0000] {processor.py:830} INFO - Processing file /opt/airflow/dags/main.py for tasks to queue
[2026-08-10T15:12:35.747+0000] {logging_mixin.py:188} INFO - [2026-08-10T15:12:35.746+0000] {dagbag.py:545} INFO - Filling up the DagBag from /opt/airflow/dags/main.py
[2026-08-10T15:12:35.889+0000] {logging_mixin.py:188} INFO - [2026-08-10T15:12:35.870+0000] {dagbag.py:355} ERROR - Failed to import: /opt/airflow/dags/main.py
Traceback (most recent call last):
  File "/home/airflow/.local/lib/python3.10/site-packages/airflow/models/dagbag.py", line 351, in parse
    loader.exec_module(new_module)
  File "<frozen importlib._bootstrap_external>", line 883, in exec_module
  File "<frozen importlib._bootstrap>", line 241, in _call_with_frames_removed
  File "/opt/airflow/dags/main.py", line 6, in <module>
    from api.video_stats import (
ImportError: cannot import name 'extract_video_data' from 'api.video_stats' (/opt/airflow/dags/api/video_stats.py)
[2026-08-10T15:12:35.892+0000] {processor.py:842} WARNING - No viable dags retrieved from /opt/airflow/dags/main.py
[2026-08-10T15:12:35.919+0000] {processor.py:183} INFO - Processing /opt/airflow/dags/main.py took 0.196 seconds
[2026-08-10T15:13:06.410+0000] {processor.py:161} INFO - Started process (PID=171) to work on /opt/airflow/dags/main.py
[2026-08-10T15:13:06.411+0000] {processor.py:830} INFO - Processing file /opt/airflow/dags/main.py for tasks to queue
[2026-08-10T15:13:06.415+0000] {logging_mixin.py:188} INFO - [2026-08-10T15:13:06.414+0000] {dagbag.py:545} INFO - Filling up the DagBag from /opt/airflow/dags/main.py
[2026-08-10T15:13:06.480+0000] {logging_mixin.py:188} INFO - [2026-08-10T15:13:06.474+0000] {dagbag.py:355} ERROR - Failed to import: /opt/airflow/dags/main.py
Traceback (most recent call last):
  File "/home/airflow/.local/lib/python3.10/site-packages/airflow/models/dagbag.py", line 351, in parse
    loader.exec_module(new_module)
  File "<frozen importlib._bootstrap_external>", line 883, in exec_module
  File "<frozen importlib._bootstrap>", line 241, in _call_with_frames_removed
  File "/opt/airflow/dags/main.py", line 6, in <module>
    from api.video_stats import (
ImportError: cannot import name 'extract_video_data' from 'api.video_stats' (/opt/airflow/dags/api/video_stats.py)
[2026-08-10T15:13:06.482+0000] {processor.py:842} WARNING - No viable dags retrieved from /opt/airflow/dags/main.py
[2026-08-10T15:13:06.512+0000] {processor.py:183} INFO - Processing /opt/airflow/dags/main.py took 0.111 seconds
[2026-08-10T15:13:37.020+0000] {processor.py:161} INFO - Started process (PID=179) to work on /opt/airflow/dags/main.py
[2026-08-10T15:13:37.022+0000] {processor.py:830} INFO - Processing file /opt/airflow/dags/main.py for tasks to queue
[2026-08-10T15:13:37.026+0000] {logging_mixin.py:188} INFO - [2026-08-10T15:13:37.025+0000] {dagbag.py:545} INFO - Filling up the DagBag from /opt/airflow/dags/main.py
[2026-08-10T15:13:37.114+0000] {logging_mixin.py:188} INFO - [2026-08-10T15:13:37.109+0000] {dagbag.py:355} ERROR - Failed to import: /opt/airflow/dags/main.py
Traceback (most recent call last):
  File "/home/airflow/.local/lib/python3.10/site-packages/airflow/models/dagbag.py", line 351, in parse
    loader.exec_module(new_module)
  File "<frozen importlib._bootstrap_external>", line 883, in exec_module
  File "<frozen importlib._bootstrap>", line 241, in _call_with_frames_removed
  File "/opt/airflow/dags/main.py", line 6, in <module>
    from api.video_stats import (
ImportError: cannot import name 'extract_video_data' from 'api.video_stats' (/opt/airflow/dags/api/video_stats.py)
[2026-08-10T15:13:37.116+0000] {processor.py:842} WARNING - No viable dags retrieved from /opt/airflow/dags/main.py
[2026-08-10T15:13:37.135+0000] {processor.py:183} INFO - Processing /opt/airflow/dags/main.py took 0.125 seconds
[2026-08-10T15:14:07.890+0000] {processor.py:161} INFO - Started process (PID=192) to work on /opt/airflow/dags/main.py
[2026-08-10T15:14:07.892+0000] {processor.py:830} INFO - Processing file /opt/airflow/dags/main.py for tasks to queue
[2026-08-10T15:14:07.896+0000] {logging_mixin.py:188} INFO - [2026-08-10T15:14:07.895+0000] {dagbag.py:545} INFO - Filling up the DagBag from /opt/airflow/dags/main.py
[2026-08-10T15:14:07.974+0000] {logging_mixin.py:188} INFO - [2026-08-10T15:14:07.969+0000] {dagbag.py:355} ERROR - Failed to import: /opt/airflow/dags/main.py
Traceback (most recent call last):
  File "/home/airflow/.local/lib/python3.10/site-packages/airflow/models/dagbag.py", line 351, in parse
    loader.exec_module(new_module)
  File "<frozen importlib._bootstrap_external>", line 883, in exec_module
  File "<frozen importlib._bootstrap>", line 241, in _call_with_frames_removed
  File "/opt/airflow/dags/main.py", line 6, in <module>
    from api.video_stats import (
ImportError: cannot import name 'extract_video_data' from 'api.video_stats' (/opt/airflow/dags/api/video_stats.py)
[2026-08-10T15:14:07.976+0000] {processor.py:842} WARNING - No viable dags retrieved from /opt/airflow/dags/main.py
[2026-08-10T15:14:08.001+0000] {processor.py:183} INFO - Processing /opt/airflow/dags/main.py took 0.122 seconds
[2026-08-10T15:14:38.444+0000] {processor.py:161} INFO - Started process (PID=199) to work on /opt/airflow/dags/main.py
[2026-08-10T15:14:38.447+0000] {processor.py:830} INFO - Processing file /opt/airflow/dags/main.py for tasks to queue
[2026-08-10T15:14:38.452+0000] {logging_mixin.py:188} INFO - [2026-08-10T15:14:38.451+0000] {dagbag.py:545} INFO - Filling up the DagBag from /opt/airflow/dags/main.py
[2026-08-10T15:14:38.566+0000] {logging_mixin.py:188} INFO - [2026-08-10T15:14:38.559+0000] {dagbag.py:355} ERROR - Failed to import: /opt/airflow/dags/main.py
Traceback (most recent call last):
  File "/home/airflow/.local/lib/python3.10/site-packages/airflow/models/dagbag.py", line 351, in parse
    loader.exec_module(new_module)
  File "<frozen importlib._bootstrap_external>", line 883, in exec_module
  File "<frozen importlib._bootstrap>", line 241, in _call_with_frames_removed
  File "/opt/airflow/dags/main.py", line 6, in <module>
    from api.video_stats import (
ImportError: cannot import name 'extract_video_data' from 'api.video_stats' (/opt/airflow/dags/api/video_stats.py)
[2026-08-10T15:14:38.570+0000] {processor.py:842} WARNING - No viable dags retrieved from /opt/airflow/dags/main.py
[2026-08-10T15:14:38.602+0000] {processor.py:183} INFO - Processing /opt/airflow/dags/main.py took 0.168 seconds
[2026-08-10T15:15:08.981+0000] {processor.py:161} INFO - Started process (PID=206) to work on /opt/airflow/dags/main.py
[2026-08-10T15:15:08.984+0000] {processor.py:830} INFO - Processing file /opt/airflow/dags/main.py for tasks to queue
[2026-08-10T15:15:08.990+0000] {logging_mixin.py:188} INFO - [2026-08-10T15:15:08.989+0000] {dagbag.py:545} INFO - Filling up the DagBag from /opt/airflow/dags/main.py
[2026-08-10T15:15:09.116+0000] {logging_mixin.py:188} INFO - [2026-08-10T15:15:09.109+0000] {dagbag.py:355} ERROR - Failed to import: /opt/airflow/dags/main.py
Traceback (most recent call last):
  File "/home/airflow/.local/lib/python3.10/site-packages/airflow/models/dagbag.py", line 351, in parse
    loader.exec_module(new_module)
  File "<frozen importlib._bootstrap_external>", line 883, in exec_module
  File "<frozen importlib._bootstrap>", line 241, in _call_with_frames_removed
  File "/opt/airflow/dags/main.py", line 6, in <module>
    from api.video_stats import (
ImportError: cannot import name 'extract_video_data' from 'api.video_stats' (/opt/airflow/dags/api/video_stats.py)
[2026-08-10T15:15:09.118+0000] {processor.py:842} WARNING - No viable dags retrieved from /opt/airflow/dags/main.py
[2026-08-10T15:15:09.161+0000] {processor.py:183} INFO - Processing /opt/airflow/dags/main.py took 0.192 seconds
[2026-08-10T15:15:39.796+0000] {processor.py:161} INFO - Started process (PID=213) to work on /opt/airflow/dags/main.py
[2026-08-10T15:15:39.797+0000] {processor.py:830} INFO - Processing file /opt/airflow/dags/main.py for tasks to queue
[2026-08-10T15:15:39.801+0000] {logging_mixin.py:188} INFO - [2026-08-10T15:15:39.800+0000] {dagbag.py:545} INFO - Filling up the DagBag from /opt/airflow/dags/main.py
[2026-08-10T15:15:39.895+0000] {logging_mixin.py:188} INFO - [2026-08-10T15:15:39.890+0000] {dagbag.py:355} ERROR - Failed to import: /opt/airflow/dags/main.py
Traceback (most recent call last):
  File "/home/airflow/.local/lib/python3.10/site-packages/airflow/models/dagbag.py", line 351, in parse
    loader.exec_module(new_module)
  File "<frozen importlib._bootstrap_external>", line 883, in exec_module
  File "<frozen importlib._bootstrap>", line 241, in _call_with_frames_removed
  File "/opt/airflow/dags/main.py", line 6, in <module>
    from api.video_stats import (
ImportError: cannot import name 'extract_video_data' from 'api.video_stats' (/opt/airflow/dags/api/video_stats.py)
[2026-08-10T15:15:39.896+0000] {processor.py:842} WARNING - No viable dags retrieved from /opt/airflow/dags/main.py
[2026-08-10T15:15:39.924+0000] {processor.py:183} INFO - Processing /opt/airflow/dags/main.py took 0.138 seconds
[2026-08-10T15:16:10.643+0000] {processor.py:161} INFO - Started process (PID=220) to work on /opt/airflow/dags/main.py
[2026-08-10T15:16:10.647+0000] {processor.py:830} INFO - Processing file /opt/airflow/dags/main.py for tasks to queue
[2026-08-10T15:16:10.653+0000] {logging_mixin.py:188} INFO - [2026-08-10T15:16:10.653+0000] {dagbag.py:545} INFO - Filling up the DagBag from /opt/airflow/dags/main.py
[2026-08-10T15:16:10.787+0000] {logging_mixin.py:188} INFO - [2026-08-10T15:16:10.781+0000] {dagbag.py:355} ERROR - Failed to import: /opt/airflow/dags/main.py
Traceback (most recent call last):
  File "/home/airflow/.local/lib/python3.10/site-packages/airflow/models/dagbag.py", line 351, in parse
    loader.exec_module(new_module)
  File "<frozen importlib._bootstrap_external>", line 883, in exec_module
  File "<frozen importlib._bootstrap>", line 241, in _call_with_frames_removed
  File "/opt/airflow/dags/main.py", line 6, in <module>
    from api.video_stats import (
ImportError: cannot import name 'extract_video_data' from 'api.video_stats' (/opt/airflow/dags/api/video_stats.py)
[2026-08-10T15:16:10.789+0000] {processor.py:842} WARNING - No viable dags retrieved from /opt/airflow/dags/main.py
[2026-08-10T15:16:10.818+0000] {processor.py:183} INFO - Processing /opt/airflow/dags/main.py took 0.191 seconds
[2026-08-10T15:16:41.263+0000] {processor.py:161} INFO - Started process (PID=227) to work on /opt/airflow/dags/main.py
[2026-08-10T15:16:41.264+0000] {processor.py:830} INFO - Processing file /opt/airflow/dags/main.py for tasks to queue
[2026-08-10T15:16:41.268+0000] {logging_mixin.py:188} INFO - [2026-08-10T15:16:41.267+0000] {dagbag.py:545} INFO - Filling up the DagBag from /opt/airflow/dags/main.py
[2026-08-10T15:16:41.345+0000] {logging_mixin.py:188} INFO - [2026-08-10T15:16:41.336+0000] {dagbag.py:355} ERROR - Failed to import: /opt/airflow/dags/main.py
Traceback (most recent call last):
  File "/home/airflow/.local/lib/python3.10/site-packages/airflow/models/dagbag.py", line 351, in parse
    loader.exec_module(new_module)
  File "<frozen importlib._bootstrap_external>", line 883, in exec_module
  File "<frozen importlib._bootstrap>", line 241, in _call_with_frames_removed
  File "/opt/airflow/dags/main.py", line 6, in <module>
    from api.video_stats import (
ImportError: cannot import name 'extract_video_data' from 'api.video_stats' (/opt/airflow/dags/api/video_stats.py)
[2026-08-10T15:16:41.349+0000] {processor.py:842} WARNING - No viable dags retrieved from /opt/airflow/dags/main.py
[2026-08-10T15:16:41.378+0000] {processor.py:183} INFO - Processing /opt/airflow/dags/main.py took 0.123 seconds
[2026-08-10T15:17:11.489+0000] {processor.py:161} INFO - Started process (PID=234) to work on /opt/airflow/dags/main.py
[2026-08-10T15:17:11.490+0000] {processor.py:830} INFO - Processing file /opt/airflow/dags/main.py for tasks to queue
[2026-08-10T15:17:11.493+0000] {logging_mixin.py:188} INFO - [2026-08-10T15:17:11.493+0000] {dagbag.py:545} INFO - Filling up the DagBag from /opt/airflow/dags/main.py
[2026-08-10T15:17:11.557+0000] {logging_mixin.py:188} INFO - [2026-08-10T15:17:11.552+0000] {dagbag.py:355} ERROR - Failed to import: /opt/airflow/dags/main.py
Traceback (most recent call last):
  File "/home/airflow/.local/lib/python3.10/site-packages/airflow/models/dagbag.py", line 351, in parse
    loader.exec_module(new_module)
  File "<frozen importlib._bootstrap_external>", line 883, in exec_module
  File "<frozen importlib._bootstrap>", line 241, in _call_with_frames_removed
  File "/opt/airflow/dags/main.py", line 6, in <module>
    from api.video_stats import (
ImportError: cannot import name 'extract_video_data' from 'api.video_stats' (/opt/airflow/dags/api/video_stats.py)
[2026-08-10T15:17:11.558+0000] {processor.py:842} WARNING - No viable dags retrieved from /opt/airflow/dags/main.py
[2026-08-10T15:17:11.580+0000] {processor.py:183} INFO - Processing /opt/airflow/dags/main.py took 0.098 seconds
[2026-08-10T15:17:42.047+0000] {processor.py:161} INFO - Started process (PID=241) to work on /opt/airflow/dags/main.py
[2026-08-10T15:17:42.050+0000] {processor.py:830} INFO - Processing file /opt/airflow/dags/main.py for tasks to queue
[2026-08-10T15:17:42.054+0000] {logging_mixin.py:188} INFO - [2026-08-10T15:17:42.053+0000] {dagbag.py:545} INFO - Filling up the DagBag from /opt/airflow/dags/main.py
[2026-08-10T15:17:42.126+0000] {logging_mixin.py:188} INFO - [2026-08-10T15:17:42.121+0000] {dagbag.py:355} ERROR - Failed to import: /opt/airflow/dags/main.py
Traceback (most recent call last):
  File "/home/airflow/.local/lib/python3.10/site-packages/airflow/models/dagbag.py", line 351, in parse
    loader.exec_module(new_module)
  File "<frozen importlib._bootstrap_external>", line 883, in exec_module
  File "<frozen importlib._bootstrap>", line 241, in _call_with_frames_removed
  File "/opt/airflow/dags/main.py", line 6, in <module>
    from api.video_stats import (
ImportError: cannot import name 'extract_video_data' from 'api.video_stats' (/opt/airflow/dags/api/video_stats.py)
[2026-08-10T15:17:42.128+0000] {processor.py:842} WARNING - No viable dags retrieved from /opt/airflow/dags/main.py
[2026-08-10T15:17:42.156+0000] {processor.py:183} INFO - Processing /opt/airflow/dags/main.py took 0.119 seconds
[2026-08-10T15:18:05.490+0000] {processor.py:161} INFO - Started process (PID=248) to work on /opt/airflow/dags/main.py
[2026-08-10T15:18:05.493+0000] {processor.py:830} INFO - Processing file /opt/airflow/dags/main.py for tasks to queue
[2026-08-10T15:18:05.498+0000] {logging_mixin.py:188} INFO - [2026-08-10T15:18:05.497+0000] {dagbag.py:545} INFO - Filling up the DagBag from /opt/airflow/dags/main.py
[2026-08-10T15:18:05.653+0000] {logging_mixin.py:188} INFO - [2026-08-10T15:18:05.646+0000] {dagbag.py:355} ERROR - Failed to import: /opt/airflow/dags/main.py
Traceback (most recent call last):
  File "/home/airflow/.local/lib/python3.10/site-packages/airflow/models/dagbag.py", line 351, in parse
    loader.exec_module(new_module)
  File "<frozen importlib._bootstrap_external>", line 883, in exec_module
  File "<frozen importlib._bootstrap>", line 241, in _call_with_frames_removed
  File "/opt/airflow/dags/main.py", line 13, in <module>
    from datawarehouse.dwh import staging_table, core_table
ModuleNotFoundError: No module named 'datawarehouse'
[2026-08-10T15:18:05.655+0000] {processor.py:842} WARNING - No viable dags retrieved from /opt/airflow/dags/main.py
[2026-08-10T15:18:05.683+0000] {processor.py:183} INFO - Processing /opt/airflow/dags/main.py took 0.209 seconds
[2026-08-10T15:18:35.906+0000] {processor.py:161} INFO - Started process (PID=255) to work on /opt/airflow/dags/main.py
[2026-08-10T15:18:35.909+0000] {processor.py:830} INFO - Processing file /opt/airflow/dags/main.py for tasks to queue
[2026-08-10T15:18:35.913+0000] {logging_mixin.py:188} INFO - [2026-08-10T15:18:35.913+0000] {dagbag.py:545} INFO - Filling up the DagBag from /opt/airflow/dags/main.py
[2026-08-10T15:18:36.011+0000] {logging_mixin.py:188} INFO - [2026-08-10T15:18:36.005+0000] {dagbag.py:355} ERROR - Failed to import: /opt/airflow/dags/main.py
Traceback (most recent call last):
  File "/home/airflow/.local/lib/python3.10/site-packages/airflow/models/dagbag.py", line 351, in parse
    loader.exec_module(new_module)
  File "<frozen importlib._bootstrap_external>", line 883, in exec_module
  File "<frozen importlib._bootstrap>", line 241, in _call_with_frames_removed
  File "/opt/airflow/dags/main.py", line 13, in <module>
    from datawarehouse.dwh import staging_table, core_table
ModuleNotFoundError: No module named 'datawarehouse'
[2026-08-10T15:18:36.014+0000] {processor.py:842} WARNING - No viable dags retrieved from /opt/airflow/dags/main.py
[2026-08-10T15:18:36.043+0000] {processor.py:183} INFO - Processing /opt/airflow/dags/main.py took 0.148 seconds
[2026-08-10T15:19:06.417+0000] {processor.py:161} INFO - Started process (PID=262) to work on /opt/airflow/dags/main.py
[2026-08-10T15:19:06.419+0000] {processor.py:830} INFO - Processing file /opt/airflow/dags/main.py for tasks to queue
[2026-08-10T15:19:06.422+0000] {logging_mixin.py:188} INFO - [2026-08-10T15:19:06.422+0000] {dagbag.py:545} INFO - Filling up the DagBag from /opt/airflow/dags/main.py
[2026-08-10T15:19:06.493+0000] {logging_mixin.py:188} INFO - [2026-08-10T15:19:06.488+0000] {dagbag.py:355} ERROR - Failed to import: /opt/airflow/dags/main.py
Traceback (most recent call last):
  File "/home/airflow/.local/lib/python3.10/site-packages/airflow/models/dagbag.py", line 351, in parse
    loader.exec_module(new_module)
  File "<frozen importlib._bootstrap_external>", line 883, in exec_module
  File "<frozen importlib._bootstrap>", line 241, in _call_with_frames_removed
  File "/opt/airflow/dags/main.py", line 13, in <module>
    from datawarehouse.dwh import staging_table, core_table
ModuleNotFoundError: No module named 'datawarehouse'
[2026-08-10T15:19:06.495+0000] {processor.py:842} WARNING - No viable dags retrieved from /opt/airflow/dags/main.py
[2026-08-10T15:19:06.518+0000] {processor.py:183} INFO - Processing /opt/airflow/dags/main.py took 0.110 seconds
[2026-08-10T15:19:36.784+0000] {processor.py:161} INFO - Started process (PID=269) to work on /opt/airflow/dags/main.py
[2026-08-10T15:19:36.786+0000] {processor.py:830} INFO - Processing file /opt/airflow/dags/main.py for tasks to queue
[2026-08-10T15:19:36.790+0000] {logging_mixin.py:188} INFO - [2026-08-10T15:19:36.790+0000] {dagbag.py:545} INFO - Filling up the DagBag from /opt/airflow/dags/main.py
[2026-08-10T15:19:36.857+0000] {logging_mixin.py:188} INFO - [2026-08-10T15:19:36.853+0000] {dagbag.py:355} ERROR - Failed to import: /opt/airflow/dags/main.py
Traceback (most recent call last):
  File "/home/airflow/.local/lib/python3.10/site-packages/airflow/models/dagbag.py", line 351, in parse
    loader.exec_module(new_module)
  File "<frozen importlib._bootstrap_external>", line 883, in exec_module
  File "<frozen importlib._bootstrap>", line 241, in _call_with_frames_removed
  File "/opt/airflow/dags/main.py", line 13, in <module>
    from datawarehouse.dwh import staging_table, core_table
ModuleNotFoundError: No module named 'datawarehouse'
[2026-08-10T15:19:36.859+0000] {processor.py:842} WARNING - No viable dags retrieved from /opt/airflow/dags/main.py
[2026-08-10T15:19:36.882+0000] {processor.py:183} INFO - Processing /opt/airflow/dags/main.py took 0.109 seconds
[2026-08-10T15:20:07.365+0000] {processor.py:161} INFO - Started process (PID=276) to work on /opt/airflow/dags/main.py
[2026-08-10T15:20:07.367+0000] {processor.py:830} INFO - Processing file /opt/airflow/dags/main.py for tasks to queue
[2026-08-10T15:20:07.370+0000] {logging_mixin.py:188} INFO - [2026-08-10T15:20:07.370+0000] {dagbag.py:545} INFO - Filling up the DagBag from /opt/airflow/dags/main.py
[2026-08-10T15:20:07.444+0000] {logging_mixin.py:188} INFO - [2026-08-10T15:20:07.440+0000] {dagbag.py:355} ERROR - Failed to import: /opt/airflow/dags/main.py
Traceback (most recent call last):
  File "/home/airflow/.local/lib/python3.10/site-packages/airflow/models/dagbag.py", line 351, in parse
    loader.exec_module(new_module)
  File "<frozen importlib._bootstrap_external>", line 883, in exec_module
  File "<frozen importlib._bootstrap>", line 241, in _call_with_frames_removed
  File "/opt/airflow/dags/main.py", line 13, in <module>
    from datawarehouse.dwh import staging_table, core_table
ModuleNotFoundError: No module named 'datawarehouse'
[2026-08-10T15:20:07.445+0000] {processor.py:842} WARNING - No viable dags retrieved from /opt/airflow/dags/main.py
[2026-08-10T15:20:07.464+0000] {processor.py:183} INFO - Processing /opt/airflow/dags/main.py took 0.107 seconds
[2026-08-10T15:20:37.906+0000] {processor.py:161} INFO - Started process (PID=283) to work on /opt/airflow/dags/main.py
[2026-08-10T15:20:37.908+0000] {processor.py:830} INFO - Processing file /opt/airflow/dags/main.py for tasks to queue
[2026-08-10T15:20:37.913+0000] {logging_mixin.py:188} INFO - [2026-08-10T15:20:37.913+0000] {dagbag.py:545} INFO - Filling up the DagBag from /opt/airflow/dags/main.py
[2026-08-10T15:20:38.004+0000] {logging_mixin.py:188} INFO - [2026-08-10T15:20:38.000+0000] {dagbag.py:355} ERROR - Failed to import: /opt/airflow/dags/main.py
Traceback (most recent call last):
  File "/home/airflow/.local/lib/python3.10/site-packages/airflow/models/dagbag.py", line 351, in parse
    loader.exec_module(new_module)
  File "<frozen importlib._bootstrap_external>", line 883, in exec_module
  File "<frozen importlib._bootstrap>", line 241, in _call_with_frames_removed
  File "/opt/airflow/dags/main.py", line 13, in <module>
    from datawarehouse.dwh import staging_table, core_table
ModuleNotFoundError: No module named 'datawarehouse'
[2026-08-10T15:20:38.005+0000] {processor.py:842} WARNING - No viable dags retrieved from /opt/airflow/dags/main.py
[2026-08-10T15:20:38.023+0000] {processor.py:183} INFO - Processing /opt/airflow/dags/main.py took 0.129 seconds
[2026-08-10T15:21:08.219+0000] {processor.py:161} INFO - Started process (PID=290) to work on /opt/airflow/dags/main.py
[2026-08-10T15:21:08.221+0000] {processor.py:830} INFO - Processing file /opt/airflow/dags/main.py for tasks to queue
[2026-08-10T15:21:08.224+0000] {logging_mixin.py:188} INFO - [2026-08-10T15:21:08.223+0000] {dagbag.py:545} INFO - Filling up the DagBag from /opt/airflow/dags/main.py
[2026-08-10T15:21:08.300+0000] {logging_mixin.py:188} INFO - [2026-08-10T15:21:08.295+0000] {dagbag.py:355} ERROR - Failed to import: /opt/airflow/dags/main.py
Traceback (most recent call last):
  File "/home/airflow/.local/lib/python3.10/site-packages/airflow/models/dagbag.py", line 351, in parse
    loader.exec_module(new_module)
  File "<frozen importlib._bootstrap_external>", line 883, in exec_module
  File "<frozen importlib._bootstrap>", line 241, in _call_with_frames_removed
  File "/opt/airflow/dags/main.py", line 13, in <module>
    from datawarehouse.dwh import staging_table, core_table
ModuleNotFoundError: No module named 'datawarehouse'
[2026-08-10T15:21:08.302+0000] {processor.py:842} WARNING - No viable dags retrieved from /opt/airflow/dags/main.py
[2026-08-10T15:21:08.327+0000] {processor.py:183} INFO - Processing /opt/airflow/dags/main.py took 0.117 seconds
[2026-08-10T15:21:38.718+0000] {processor.py:161} INFO - Started process (PID=297) to work on /opt/airflow/dags/main.py
[2026-08-10T15:21:38.720+0000] {processor.py:830} INFO - Processing file /opt/airflow/dags/main.py for tasks to queue
[2026-08-10T15:21:38.723+0000] {logging_mixin.py:188} INFO - [2026-08-10T15:21:38.723+0000] {dagbag.py:545} INFO - Filling up the DagBag from /opt/airflow/dags/main.py
[2026-08-10T15:21:38.786+0000] {logging_mixin.py:188} INFO - [2026-08-10T15:21:38.782+0000] {dagbag.py:355} ERROR - Failed to import: /opt/airflow/dags/main.py
Traceback (most recent call last):
  File "/home/airflow/.local/lib/python3.10/site-packages/airflow/models/dagbag.py", line 351, in parse
    loader.exec_module(new_module)
  File "<frozen importlib._bootstrap_external>", line 883, in exec_module
  File "<frozen importlib._bootstrap>", line 241, in _call_with_frames_removed
  File "/opt/airflow/dags/main.py", line 13, in <module>
    from datawarehouse.dwh import staging_table, core_table
ModuleNotFoundError: No module named 'datawarehouse'
[2026-08-10T15:21:38.788+0000] {processor.py:842} WARNING - No viable dags retrieved from /opt/airflow/dags/main.py
[2026-08-10T15:21:38.810+0000] {processor.py:183} INFO - Processing /opt/airflow/dags/main.py took 0.107 seconds
[2026-08-10T15:22:09.054+0000] {processor.py:161} INFO - Started process (PID=304) to work on /opt/airflow/dags/main.py
[2026-08-10T15:22:09.056+0000] {processor.py:830} INFO - Processing file /opt/airflow/dags/main.py for tasks to queue
[2026-08-10T15:22:09.059+0000] {logging_mixin.py:188} INFO - [2026-08-10T15:22:09.059+0000] {dagbag.py:545} INFO - Filling up the DagBag from /opt/airflow/dags/main.py
[2026-08-10T15:22:09.137+0000] {logging_mixin.py:188} INFO - [2026-08-10T15:22:09.132+0000] {dagbag.py:355} ERROR - Failed to import: /opt/airflow/dags/main.py
Traceback (most recent call last):
  File "/home/airflow/.local/lib/python3.10/site-packages/airflow/models/dagbag.py", line 351, in parse
    loader.exec_module(new_module)
  File "<frozen importlib._bootstrap_external>", line 883, in exec_module
  File "<frozen importlib._bootstrap>", line 241, in _call_with_frames_removed
  File "/opt/airflow/dags/main.py", line 13, in <module>
    from datawarehouse.dwh import staging_table, core_table
ModuleNotFoundError: No module named 'datawarehouse'
[2026-08-10T15:22:09.140+0000] {processor.py:842} WARNING - No viable dags retrieved from /opt/airflow/dags/main.py
[2026-08-10T15:22:09.160+0000] {processor.py:183} INFO - Processing /opt/airflow/dags/main.py took 0.114 seconds
[2026-08-10T15:22:39.488+0000] {processor.py:161} INFO - Started process (PID=311) to work on /opt/airflow/dags/main.py
[2026-08-10T15:22:39.491+0000] {processor.py:830} INFO - Processing file /opt/airflow/dags/main.py for tasks to queue
[2026-08-10T15:22:39.495+0000] {logging_mixin.py:188} INFO - [2026-08-10T15:22:39.494+0000] {dagbag.py:545} INFO - Filling up the DagBag from /opt/airflow/dags/main.py
[2026-08-10T15:22:39.571+0000] {logging_mixin.py:188} INFO - [2026-08-10T15:22:39.566+0000] {dagbag.py:355} ERROR - Failed to import: /opt/airflow/dags/main.py
Traceback (most recent call last):
  File "/home/airflow/.local/lib/python3.10/site-packages/airflow/models/dagbag.py", line 351, in parse
    loader.exec_module(new_module)
  File "<frozen importlib._bootstrap_external>", line 883, in exec_module
  File "<frozen importlib._bootstrap>", line 241, in _call_with_frames_removed
  File "/opt/airflow/dags/main.py", line 13, in <module>
    from datawarehouse.dwh import staging_table, core_table
ModuleNotFoundError: No module named 'datawarehouse'
[2026-08-10T15:22:39.573+0000] {processor.py:842} WARNING - No viable dags retrieved from /opt/airflow/dags/main.py
[2026-08-10T15:22:39.593+0000] {processor.py:183} INFO - Processing /opt/airflow/dags/main.py took 0.112 seconds
[2026-08-10T15:23:09.867+0000] {processor.py:161} INFO - Started process (PID=318) to work on /opt/airflow/dags/main.py
[2026-08-10T15:23:09.868+0000] {processor.py:830} INFO - Processing file /opt/airflow/dags/main.py for tasks to queue
[2026-08-10T15:23:09.871+0000] {logging_mixin.py:188} INFO - [2026-08-10T15:23:09.871+0000] {dagbag.py:545} INFO - Filling up the DagBag from /opt/airflow/dags/main.py
[2026-08-10T15:23:09.942+0000] {logging_mixin.py:188} INFO - [2026-08-10T15:23:09.936+0000] {dagbag.py:355} ERROR - Failed to import: /opt/airflow/dags/main.py
Traceback (most recent call last):
  File "/home/airflow/.local/lib/python3.10/site-packages/airflow/models/dagbag.py", line 351, in parse
    loader.exec_module(new_module)
  File "<frozen importlib._bootstrap_external>", line 883, in exec_module
  File "<frozen importlib._bootstrap>", line 241, in _call_with_frames_removed
  File "/opt/airflow/dags/main.py", line 13, in <module>
    from datawarehouse.dwh import staging_table, core_table
ModuleNotFoundError: No module named 'datawarehouse'
[2026-08-10T15:23:09.943+0000] {processor.py:842} WARNING - No viable dags retrieved from /opt/airflow/dags/main.py
[2026-08-10T15:23:09.967+0000] {processor.py:183} INFO - Processing /opt/airflow/dags/main.py took 0.109 seconds
[2026-08-10T15:23:40.246+0000] {processor.py:161} INFO - Started process (PID=325) to work on /opt/airflow/dags/main.py
[2026-08-10T15:23:40.248+0000] {processor.py:830} INFO - Processing file /opt/airflow/dags/main.py for tasks to queue
[2026-08-10T15:23:40.254+0000] {logging_mixin.py:188} INFO - [2026-08-10T15:23:40.253+0000] {dagbag.py:545} INFO - Filling up the DagBag from /opt/airflow/dags/main.py
[2026-08-10T15:23:40.359+0000] {logging_mixin.py:188} INFO - [2026-08-10T15:23:40.351+0000] {dagbag.py:355} ERROR - Failed to import: /opt/airflow/dags/main.py
Traceback (most recent call last):
  File "/home/airflow/.local/lib/python3.10/site-packages/airflow/models/dagbag.py", line 351, in parse
    loader.exec_module(new_module)
  File "<frozen importlib._bootstrap_external>", line 883, in exec_module
  File "<frozen importlib._bootstrap>", line 241, in _call_with_frames_removed
  File "/opt/airflow/dags/main.py", line 13, in <module>
    from datawarehouse.dwh import staging_table, core_table
ModuleNotFoundError: No module named 'datawarehouse'
[2026-08-10T15:23:40.361+0000] {processor.py:842} WARNING - No viable dags retrieved from /opt/airflow/dags/main.py
[2026-08-10T15:23:40.390+0000] {processor.py:183} INFO - Processing /opt/airflow/dags/main.py took 0.156 seconds
[2026-08-10T15:24:10.632+0000] {processor.py:161} INFO - Started process (PID=332) to work on /opt/airflow/dags/main.py
[2026-08-10T15:24:10.634+0000] {processor.py:830} INFO - Processing file /opt/airflow/dags/main.py for tasks to queue
[2026-08-10T15:24:10.638+0000] {logging_mixin.py:188} INFO - [2026-08-10T15:24:10.638+0000] {dagbag.py:545} INFO - Filling up the DagBag from /opt/airflow/dags/main.py
[2026-08-10T15:24:10.737+0000] {logging_mixin.py:188} INFO - [2026-08-10T15:24:10.731+0000] {dagbag.py:355} ERROR - Failed to import: /opt/airflow/dags/main.py
Traceback (most recent call last):
  File "/home/airflow/.local/lib/python3.10/site-packages/airflow/models/dagbag.py", line 351, in parse
    loader.exec_module(new_module)
  File "<frozen importlib._bootstrap_external>", line 883, in exec_module
  File "<frozen importlib._bootstrap>", line 241, in _call_with_frames_removed
  File "/opt/airflow/dags/main.py", line 13, in <module>
    from datawarehouse.dwh import staging_table, core_table
ModuleNotFoundError: No module named 'datawarehouse'
[2026-08-10T15:24:10.739+0000] {processor.py:842} WARNING - No viable dags retrieved from /opt/airflow/dags/main.py
[2026-08-10T15:24:10.765+0000] {processor.py:183} INFO - Processing /opt/airflow/dags/main.py took 0.145 seconds
[2026-08-10T15:24:41.120+0000] {processor.py:161} INFO - Started process (PID=339) to work on /opt/airflow/dags/main.py
[2026-08-10T15:24:41.122+0000] {processor.py:830} INFO - Processing file /opt/airflow/dags/main.py for tasks to queue
[2026-08-10T15:24:41.125+0000] {logging_mixin.py:188} INFO - [2026-08-10T15:24:41.125+0000] {dagbag.py:545} INFO - Filling up the DagBag from /opt/airflow/dags/main.py
[2026-08-10T15:24:41.206+0000] {logging_mixin.py:188} INFO - [2026-08-10T15:24:41.201+0000] {dagbag.py:355} ERROR - Failed to import: /opt/airflow/dags/main.py
Traceback (most recent call last):
  File "/home/airflow/.local/lib/python3.10/site-packages/airflow/models/dagbag.py", line 351, in parse
    loader.exec_module(new_module)
  File "<frozen importlib._bootstrap_external>", line 883, in exec_module
  File "<frozen importlib._bootstrap>", line 241, in _call_with_frames_removed
  File "/opt/airflow/dags/main.py", line 13, in <module>
    from datawarehouse.dwh import staging_table, core_table
ModuleNotFoundError: No module named 'datawarehouse'
[2026-08-10T15:24:41.209+0000] {processor.py:842} WARNING - No viable dags retrieved from /opt/airflow/dags/main.py
[2026-08-10T15:24:41.238+0000] {processor.py:183} INFO - Processing /opt/airflow/dags/main.py took 0.124 seconds
[2026-08-10T15:25:11.517+0000] {processor.py:161} INFO - Started process (PID=346) to work on /opt/airflow/dags/main.py
[2026-08-10T15:25:11.519+0000] {processor.py:830} INFO - Processing file /opt/airflow/dags/main.py for tasks to queue
[2026-08-10T15:25:11.522+0000] {logging_mixin.py:188} INFO - [2026-08-10T15:25:11.522+0000] {dagbag.py:545} INFO - Filling up the DagBag from /opt/airflow/dags/main.py
[2026-08-10T15:25:11.592+0000] {logging_mixin.py:188} INFO - [2026-08-10T15:25:11.588+0000] {dagbag.py:355} ERROR - Failed to import: /opt/airflow/dags/main.py
Traceback (most recent call last):
  File "/home/airflow/.local/lib/python3.10/site-packages/airflow/models/dagbag.py", line 351, in parse
    loader.exec_module(new_module)
  File "<frozen importlib._bootstrap_external>", line 883, in exec_module
  File "<frozen importlib._bootstrap>", line 241, in _call_with_frames_removed
  File "/opt/airflow/dags/main.py", line 13, in <module>
    from datawarehouse.dwh import staging_table, core_table
ModuleNotFoundError: No module named 'datawarehouse'
[2026-08-10T15:25:11.594+0000] {processor.py:842} WARNING - No viable dags retrieved from /opt/airflow/dags/main.py
[2026-08-10T15:25:11.616+0000] {processor.py:183} INFO - Processing /opt/airflow/dags/main.py took 0.107 seconds
[2026-08-10T16:49:52.777+0000] {processor.py:161} INFO - Started process (PID=353) to work on /opt/airflow/dags/main.py
[2026-08-10T16:49:52.792+0000] {processor.py:830} INFO - Processing file /opt/airflow/dags/main.py for tasks to queue
[2026-08-10T16:49:52.800+0000] {logging_mixin.py:188} INFO - [2026-08-10T16:49:52.800+0000] {dagbag.py:545} INFO - Filling up the DagBag from /opt/airflow/dags/main.py
[2026-08-10T16:49:53.001+0000] {logging_mixin.py:188} INFO - [2026-08-10T16:49:52.997+0000] {dagbag.py:355} ERROR - Failed to import: /opt/airflow/dags/main.py
Traceback (most recent call last):
  File "/home/airflow/.local/lib/python3.10/site-packages/airflow/models/dagbag.py", line 351, in parse
    loader.exec_module(new_module)
  File "<frozen importlib._bootstrap_external>", line 883, in exec_module
  File "<frozen importlib._bootstrap>", line 241, in _call_with_frames_removed
  File "/opt/airflow/dags/main.py", line 13, in <module>
    from datawarehouse.dwh import staging_table, core_table
ModuleNotFoundError: No module named 'datawarehouse'
[2026-08-10T16:49:53.009+0000] {processor.py:842} WARNING - No viable dags retrieved from /opt/airflow/dags/main.py
[2026-08-10T16:49:53.051+0000] {processor.py:183} INFO - Processing /opt/airflow/dags/main.py took 0.296 seconds
[2026-08-10T16:50:23.936+0000] {processor.py:161} INFO - Started process (PID=360) to work on /opt/airflow/dags/main.py
[2026-08-10T16:50:23.939+0000] {processor.py:830} INFO - Processing file /opt/airflow/dags/main.py for tasks to queue
[2026-08-10T16:50:23.943+0000] {logging_mixin.py:188} INFO - [2026-08-10T16:50:23.942+0000] {dagbag.py:545} INFO - Filling up the DagBag from /opt/airflow/dags/main.py
[2026-08-10T16:50:24.068+0000] {logging_mixin.py:188} INFO - [2026-08-10T16:50:24.062+0000] {dagbag.py:355} ERROR - Failed to import: /opt/airflow/dags/main.py
Traceback (most recent call last):
  File "/home/airflow/.local/lib/python3.10/site-packages/airflow/models/dagbag.py", line 351, in parse
    loader.exec_module(new_module)
  File "<frozen importlib._bootstrap_external>", line 883, in exec_module
  File "<frozen importlib._bootstrap>", line 241, in _call_with_frames_removed
  File "/opt/airflow/dags/main.py", line 13, in <module>
    from datawarehouse.dwh import staging_table, core_table
ModuleNotFoundError: No module named 'datawarehouse'
[2026-08-10T16:50:24.070+0000] {processor.py:842} WARNING - No viable dags retrieved from /opt/airflow/dags/main.py
[2026-08-10T16:50:24.090+0000] {processor.py:183} INFO - Processing /opt/airflow/dags/main.py took 0.170 seconds
[2026-08-10T16:50:54.381+0000] {processor.py:161} INFO - Started process (PID=367) to work on /opt/airflow/dags/main.py
[2026-08-10T16:50:54.383+0000] {processor.py:830} INFO - Processing file /opt/airflow/dags/main.py for tasks to queue
[2026-08-10T16:50:54.387+0000] {logging_mixin.py:188} INFO - [2026-08-10T16:50:54.386+0000] {dagbag.py:545} INFO - Filling up the DagBag from /opt/airflow/dags/main.py
[2026-08-10T16:50:54.463+0000] {logging_mixin.py:188} INFO - [2026-08-10T16:50:54.458+0000] {dagbag.py:355} ERROR - Failed to import: /opt/airflow/dags/main.py
Traceback (most recent call last):
  File "/home/airflow/.local/lib/python3.10/site-packages/airflow/models/dagbag.py", line 351, in parse
    loader.exec_module(new_module)
  File "<frozen importlib._bootstrap_external>", line 883, in exec_module
  File "<frozen importlib._bootstrap>", line 241, in _call_with_frames_removed
  File "/opt/airflow/dags/main.py", line 13, in <module>
    from datawarehouse.dwh import staging_table, core_table
ModuleNotFoundError: No module named 'datawarehouse'
[2026-08-10T16:50:54.465+0000] {processor.py:842} WARNING - No viable dags retrieved from /opt/airflow/dags/main.py
[2026-08-10T16:50:54.486+0000] {processor.py:183} INFO - Processing /opt/airflow/dags/main.py took 0.112 seconds
[2026-08-10T16:51:25.061+0000] {processor.py:161} INFO - Started process (PID=374) to work on /opt/airflow/dags/main.py
[2026-08-10T16:51:25.063+0000] {processor.py:830} INFO - Processing file /opt/airflow/dags/main.py for tasks to queue
[2026-08-10T16:51:25.066+0000] {logging_mixin.py:188} INFO - [2026-08-10T16:51:25.065+0000] {dagbag.py:545} INFO - Filling up the DagBag from /opt/airflow/dags/main.py
[2026-08-10T16:51:25.147+0000] {logging_mixin.py:188} INFO - [2026-08-10T16:51:25.141+0000] {dagbag.py:355} ERROR - Failed to import: /opt/airflow/dags/main.py
Traceback (most recent call last):
  File "/home/airflow/.local/lib/python3.10/site-packages/airflow/models/dagbag.py", line 351, in parse
    loader.exec_module(new_module)
  File "<frozen importlib._bootstrap_external>", line 883, in exec_module
  File "<frozen importlib._bootstrap>", line 241, in _call_with_frames_removed
  File "/opt/airflow/dags/main.py", line 13, in <module>
    from datawarehouse.dwh import staging_table, core_table
ModuleNotFoundError: No module named 'datawarehouse'
[2026-08-10T16:51:25.150+0000] {processor.py:842} WARNING - No viable dags retrieved from /opt/airflow/dags/main.py
[2026-08-10T16:51:25.173+0000] {processor.py:183} INFO - Processing /opt/airflow/dags/main.py took 0.120 seconds
[2026-08-10T16:51:55.648+0000] {processor.py:161} INFO - Started process (PID=381) to work on /opt/airflow/dags/main.py
[2026-08-10T16:51:55.650+0000] {processor.py:830} INFO - Processing file /opt/airflow/dags/main.py for tasks to queue
[2026-08-10T16:51:55.654+0000] {logging_mixin.py:188} INFO - [2026-08-10T16:51:55.654+0000] {dagbag.py:545} INFO - Filling up the DagBag from /opt/airflow/dags/main.py
[2026-08-10T16:51:55.746+0000] {logging_mixin.py:188} INFO - [2026-08-10T16:51:55.737+0000] {dagbag.py:355} ERROR - Failed to import: /opt/airflow/dags/main.py
Traceback (most recent call last):
  File "/home/airflow/.local/lib/python3.10/site-packages/airflow/models/dagbag.py", line 351, in parse
    loader.exec_module(new_module)
  File "<frozen importlib._bootstrap_external>", line 883, in exec_module
  File "<frozen importlib._bootstrap>", line 241, in _call_with_frames_removed
  File "/opt/airflow/dags/main.py", line 13, in <module>
    from datawarehouse.dwh import staging_table, core_table
ModuleNotFoundError: No module named 'datawarehouse'
[2026-08-10T16:51:55.750+0000] {processor.py:842} WARNING - No viable dags retrieved from /opt/airflow/dags/main.py
[2026-08-10T16:51:55.788+0000] {processor.py:183} INFO - Processing /opt/airflow/dags/main.py took 0.147 seconds
[2026-08-10T16:52:26.217+0000] {processor.py:161} INFO - Started process (PID=394) to work on /opt/airflow/dags/main.py
[2026-08-10T16:52:26.220+0000] {processor.py:830} INFO - Processing file /opt/airflow/dags/main.py for tasks to queue
[2026-08-10T16:52:26.223+0000] {logging_mixin.py:188} INFO - [2026-08-10T16:52:26.222+0000] {dagbag.py:545} INFO - Filling up the DagBag from /opt/airflow/dags/main.py
[2026-08-10T16:52:26.293+0000] {logging_mixin.py:188} INFO - [2026-08-10T16:52:26.289+0000] {dagbag.py:355} ERROR - Failed to import: /opt/airflow/dags/main.py
Traceback (most recent call last):
  File "/home/airflow/.local/lib/python3.10/site-packages/airflow/models/dagbag.py", line 351, in parse
    loader.exec_module(new_module)
  File "<frozen importlib._bootstrap_external>", line 883, in exec_module
  File "<frozen importlib._bootstrap>", line 241, in _call_with_frames_removed
  File "/opt/airflow/dags/main.py", line 13, in <module>
    from datawarehouse.dwh import staging_table, core_table
ModuleNotFoundError: No module named 'datawarehouse'
[2026-08-10T16:52:26.295+0000] {processor.py:842} WARNING - No viable dags retrieved from /opt/airflow/dags/main.py
[2026-08-10T16:52:26.316+0000] {processor.py:183} INFO - Processing /opt/airflow/dags/main.py took 0.109 seconds
[2026-08-10T16:52:56.938+0000] {processor.py:161} INFO - Started process (PID=401) to work on /opt/airflow/dags/main.py
[2026-08-10T16:52:56.940+0000] {processor.py:830} INFO - Processing file /opt/airflow/dags/main.py for tasks to queue
[2026-08-10T16:52:56.943+0000] {logging_mixin.py:188} INFO - [2026-08-10T16:52:56.942+0000] {dagbag.py:545} INFO - Filling up the DagBag from /opt/airflow/dags/main.py
[2026-08-10T16:52:57.018+0000] {logging_mixin.py:188} INFO - [2026-08-10T16:52:57.013+0000] {dagbag.py:355} ERROR - Failed to import: /opt/airflow/dags/main.py
Traceback (most recent call last):
  File "/home/airflow/.local/lib/python3.10/site-packages/airflow/models/dagbag.py", line 351, in parse
    loader.exec_module(new_module)
  File "<frozen importlib._bootstrap_external>", line 883, in exec_module
  File "<frozen importlib._bootstrap>", line 241, in _call_with_frames_removed
  File "/opt/airflow/dags/main.py", line 13, in <module>
    from datawarehouse.dwh import staging_table, core_table
ModuleNotFoundError: No module named 'datawarehouse'
[2026-08-10T16:52:57.020+0000] {processor.py:842} WARNING - No viable dags retrieved from /opt/airflow/dags/main.py
[2026-08-10T16:52:57.040+0000] {processor.py:183} INFO - Processing /opt/airflow/dags/main.py took 0.112 seconds
[2026-08-10T16:53:27.439+0000] {processor.py:161} INFO - Started process (PID=408) to work on /opt/airflow/dags/main.py
[2026-08-10T16:53:27.441+0000] {processor.py:830} INFO - Processing file /opt/airflow/dags/main.py for tasks to queue
[2026-08-10T16:53:27.445+0000] {logging_mixin.py:188} INFO - [2026-08-10T16:53:27.444+0000] {dagbag.py:545} INFO - Filling up the DagBag from /opt/airflow/dags/main.py
[2026-08-10T16:53:27.527+0000] {logging_mixin.py:188} INFO - [2026-08-10T16:53:27.523+0000] {dagbag.py:355} ERROR - Failed to import: /opt/airflow/dags/main.py
Traceback (most recent call last):
  File "/home/airflow/.local/lib/python3.10/site-packages/airflow/models/dagbag.py", line 351, in parse
    loader.exec_module(new_module)
  File "<frozen importlib._bootstrap_external>", line 883, in exec_module
  File "<frozen importlib._bootstrap>", line 241, in _call_with_frames_removed
  File "/opt/airflow/dags/main.py", line 13, in <module>
    from datawarehouse.dwh import staging_table, core_table
ModuleNotFoundError: No module named 'datawarehouse'
[2026-08-10T16:53:27.529+0000] {processor.py:842} WARNING - No viable dags retrieved from /opt/airflow/dags/main.py
[2026-08-10T16:53:27.550+0000] {processor.py:183} INFO - Processing /opt/airflow/dags/main.py took 0.120 seconds
[2026-08-10T16:53:58.132+0000] {processor.py:161} INFO - Started process (PID=415) to work on /opt/airflow/dags/main.py
[2026-08-10T16:53:58.134+0000] {processor.py:830} INFO - Processing file /opt/airflow/dags/main.py for tasks to queue
[2026-08-10T16:53:58.138+0000] {logging_mixin.py:188} INFO - [2026-08-10T16:53:58.138+0000] {dagbag.py:545} INFO - Filling up the DagBag from /opt/airflow/dags/main.py
[2026-08-10T16:53:58.262+0000] {logging_mixin.py:188} INFO - [2026-08-10T16:53:58.254+0000] {dagbag.py:355} ERROR - Failed to import: /opt/airflow/dags/main.py
Traceback (most recent call last):
  File "/home/airflow/.local/lib/python3.10/site-packages/airflow/models/dagbag.py", line 351, in parse
    loader.exec_module(new_module)
  File "<frozen importlib._bootstrap_external>", line 883, in exec_module
  File "<frozen importlib._bootstrap>", line 241, in _call_with_frames_removed
  File "/opt/airflow/dags/main.py", line 13, in <module>
    from datawarehouse.dwh import staging_table, core_table
ModuleNotFoundError: No module named 'datawarehouse'
[2026-08-10T16:53:58.264+0000] {processor.py:842} WARNING - No viable dags retrieved from /opt/airflow/dags/main.py
[2026-08-10T16:53:58.290+0000] {processor.py:183} INFO - Processing /opt/airflow/dags/main.py took 0.167 seconds
[2026-08-10T16:54:28.646+0000] {processor.py:161} INFO - Started process (PID=422) to work on /opt/airflow/dags/main.py
[2026-08-10T16:54:28.648+0000] {processor.py:830} INFO - Processing file /opt/airflow/dags/main.py for tasks to queue
[2026-08-10T16:54:28.651+0000] {logging_mixin.py:188} INFO - [2026-08-10T16:54:28.650+0000] {dagbag.py:545} INFO - Filling up the DagBag from /opt/airflow/dags/main.py
[2026-08-10T16:54:28.712+0000] {logging_mixin.py:188} INFO - [2026-08-10T16:54:28.708+0000] {dagbag.py:355} ERROR - Failed to import: /opt/airflow/dags/main.py
Traceback (most recent call last):
  File "/home/airflow/.local/lib/python3.10/site-packages/airflow/models/dagbag.py", line 351, in parse
    loader.exec_module(new_module)
  File "<frozen importlib._bootstrap_external>", line 883, in exec_module
  File "<frozen importlib._bootstrap>", line 241, in _call_with_frames_removed
  File "/opt/airflow/dags/main.py", line 13, in <module>
    from datawarehouse.dwh import staging_table, core_table
ModuleNotFoundError: No module named 'datawarehouse'
[2026-08-10T16:54:28.714+0000] {processor.py:842} WARNING - No viable dags retrieved from /opt/airflow/dags/main.py
[2026-08-10T16:54:28.739+0000] {processor.py:183} INFO - Processing /opt/airflow/dags/main.py took 0.100 seconds
[2026-08-10T16:54:59.294+0000] {processor.py:161} INFO - Started process (PID=429) to work on /opt/airflow/dags/main.py
[2026-08-10T16:54:59.297+0000] {processor.py:830} INFO - Processing file /opt/airflow/dags/main.py for tasks to queue
[2026-08-10T16:54:59.299+0000] {logging_mixin.py:188} INFO - [2026-08-10T16:54:59.298+0000] {dagbag.py:545} INFO - Filling up the DagBag from /opt/airflow/dags/main.py
[2026-08-10T16:54:59.363+0000] {logging_mixin.py:188} INFO - [2026-08-10T16:54:59.358+0000] {dagbag.py:355} ERROR - Failed to import: /opt/airflow/dags/main.py
Traceback (most recent call last):
  File "/home/airflow/.local/lib/python3.10/site-packages/airflow/models/dagbag.py", line 351, in parse
    loader.exec_module(new_module)
  File "<frozen importlib._bootstrap_external>", line 883, in exec_module
  File "<frozen importlib._bootstrap>", line 241, in _call_with_frames_removed
  File "/opt/airflow/dags/main.py", line 13, in <module>
    from datawarehouse.dwh import staging_table, core_table
ModuleNotFoundError: No module named 'datawarehouse'
[2026-08-10T16:54:59.364+0000] {processor.py:842} WARNING - No viable dags retrieved from /opt/airflow/dags/main.py
[2026-08-10T16:54:59.384+0000] {processor.py:183} INFO - Processing /opt/airflow/dags/main.py took 0.096 seconds
[2026-08-10T16:55:29.898+0000] {processor.py:161} INFO - Started process (PID=436) to work on /opt/airflow/dags/main.py
[2026-08-10T16:55:29.901+0000] {processor.py:830} INFO - Processing file /opt/airflow/dags/main.py for tasks to queue
[2026-08-10T16:55:29.903+0000] {logging_mixin.py:188} INFO - [2026-08-10T16:55:29.903+0000] {dagbag.py:545} INFO - Filling up the DagBag from /opt/airflow/dags/main.py
[2026-08-10T16:55:29.980+0000] {logging_mixin.py:188} INFO - [2026-08-10T16:55:29.975+0000] {dagbag.py:355} ERROR - Failed to import: /opt/airflow/dags/main.py
Traceback (most recent call last):
  File "/home/airflow/.local/lib/python3.10/site-packages/airflow/models/dagbag.py", line 351, in parse
    loader.exec_module(new_module)
  File "<frozen importlib._bootstrap_external>", line 883, in exec_module
  File "<frozen importlib._bootstrap>", line 241, in _call_with_frames_removed
  File "/opt/airflow/dags/main.py", line 13, in <module>
    from datawarehouse.dwh import staging_table, core_table
ModuleNotFoundError: No module named 'datawarehouse'
[2026-08-10T16:55:29.982+0000] {processor.py:842} WARNING - No viable dags retrieved from /opt/airflow/dags/main.py
[2026-08-10T16:55:30.002+0000] {processor.py:183} INFO - Processing /opt/airflow/dags/main.py took 0.114 seconds
[2026-08-10T16:56:00.505+0000] {processor.py:161} INFO - Started process (PID=443) to work on /opt/airflow/dags/main.py
[2026-08-10T16:56:00.507+0000] {processor.py:830} INFO - Processing file /opt/airflow/dags/main.py for tasks to queue
[2026-08-10T16:56:00.510+0000] {logging_mixin.py:188} INFO - [2026-08-10T16:56:00.510+0000] {dagbag.py:545} INFO - Filling up the DagBag from /opt/airflow/dags/main.py
[2026-08-10T16:56:00.594+0000] {logging_mixin.py:188} INFO - [2026-08-10T16:56:00.588+0000] {dagbag.py:355} ERROR - Failed to import: /opt/airflow/dags/main.py
Traceback (most recent call last):
  File "/home/airflow/.local/lib/python3.10/site-packages/airflow/models/dagbag.py", line 351, in parse
    loader.exec_module(new_module)
  File "<frozen importlib._bootstrap_external>", line 883, in exec_module
  File "<frozen importlib._bootstrap>", line 241, in _call_with_frames_removed
  File "/opt/airflow/dags/main.py", line 13, in <module>
    from datawarehouse.dwh import staging_table, core_table
ModuleNotFoundError: No module named 'datawarehouse'
[2026-08-10T16:56:00.596+0000] {processor.py:842} WARNING - No viable dags retrieved from /opt/airflow/dags/main.py
[2026-08-10T16:56:00.618+0000] {processor.py:183} INFO - Processing /opt/airflow/dags/main.py took 0.123 seconds
[2026-08-10T16:56:30.868+0000] {processor.py:161} INFO - Started process (PID=450) to work on /opt/airflow/dags/main.py
[2026-08-10T16:56:30.869+0000] {processor.py:830} INFO - Processing file /opt/airflow/dags/main.py for tasks to queue
[2026-08-10T16:56:30.872+0000] {logging_mixin.py:188} INFO - [2026-08-10T16:56:30.872+0000] {dagbag.py:545} INFO - Filling up the DagBag from /opt/airflow/dags/main.py
[2026-08-10T16:56:30.935+0000] {logging_mixin.py:188} INFO - [2026-08-10T16:56:30.931+0000] {dagbag.py:355} ERROR - Failed to import: /opt/airflow/dags/main.py
Traceback (most recent call last):
  File "/home/airflow/.local/lib/python3.10/site-packages/airflow/models/dagbag.py", line 351, in parse
    loader.exec_module(new_module)
  File "<frozen importlib._bootstrap_external>", line 883, in exec_module
  File "<frozen importlib._bootstrap>", line 241, in _call_with_frames_removed
  File "/opt/airflow/dags/main.py", line 13, in <module>
    from datawarehouse.dwh import staging_table, core_table
ModuleNotFoundError: No module named 'datawarehouse'
[2026-08-10T16:56:30.936+0000] {processor.py:842} WARNING - No viable dags retrieved from /opt/airflow/dags/main.py
[2026-08-10T16:56:30.962+0000] {processor.py:183} INFO - Processing /opt/airflow/dags/main.py took 0.103 seconds
[2026-08-10T16:57:01.406+0000] {processor.py:161} INFO - Started process (PID=457) to work on /opt/airflow/dags/main.py
[2026-08-10T16:57:01.408+0000] {processor.py:830} INFO - Processing file /opt/airflow/dags/main.py for tasks to queue
[2026-08-10T16:57:01.413+0000] {logging_mixin.py:188} INFO - [2026-08-10T16:57:01.412+0000] {dagbag.py:545} INFO - Filling up the DagBag from /opt/airflow/dags/main.py
[2026-08-10T16:57:01.506+0000] {logging_mixin.py:188} INFO - [2026-08-10T16:57:01.502+0000] {dagbag.py:355} ERROR - Failed to import: /opt/airflow/dags/main.py
Traceback (most recent call last):
  File "/home/airflow/.local/lib/python3.10/site-packages/airflow/models/dagbag.py", line 351, in parse
    loader.exec_module(new_module)
  File "<frozen importlib._bootstrap_external>", line 883, in exec_module
  File "<frozen importlib._bootstrap>", line 241, in _call_with_frames_removed
  File "/opt/airflow/dags/main.py", line 13, in <module>
    from datawarehouse.dwh import staging_table, core_table
ModuleNotFoundError: No module named 'datawarehouse'
[2026-08-10T16:57:01.508+0000] {processor.py:842} WARNING - No viable dags retrieved from /opt/airflow/dags/main.py
[2026-08-10T16:57:01.533+0000] {processor.py:183} INFO - Processing /opt/airflow/dags/main.py took 0.141 seconds
[2026-08-10T16:57:31.858+0000] {processor.py:161} INFO - Started process (PID=464) to work on /opt/airflow/dags/main.py
[2026-08-10T16:57:31.859+0000] {processor.py:830} INFO - Processing file /opt/airflow/dags/main.py for tasks to queue
[2026-08-10T16:57:31.862+0000] {logging_mixin.py:188} INFO - [2026-08-10T16:57:31.862+0000] {dagbag.py:545} INFO - Filling up the DagBag from /opt/airflow/dags/main.py
[2026-08-10T16:57:31.938+0000] {logging_mixin.py:188} INFO - [2026-08-10T16:57:31.933+0000] {dagbag.py:355} ERROR - Failed to import: /opt/airflow/dags/main.py
Traceback (most recent call last):
  File "/home/airflow/.local/lib/python3.10/site-packages/airflow/models/dagbag.py", line 351, in parse
    loader.exec_module(new_module)
  File "<frozen importlib._bootstrap_external>", line 883, in exec_module
  File "<frozen importlib._bootstrap>", line 241, in _call_with_frames_removed
  File "/opt/airflow/dags/main.py", line 13, in <module>
    from datawarehouse.dwh import staging_table, core_table
ModuleNotFoundError: No module named 'datawarehouse'
[2026-08-10T16:57:31.940+0000] {processor.py:842} WARNING - No viable dags retrieved from /opt/airflow/dags/main.py
[2026-08-10T16:57:31.961+0000] {processor.py:183} INFO - Processing /opt/airflow/dags/main.py took 0.114 seconds
[2026-08-10T16:58:02.400+0000] {processor.py:161} INFO - Started process (PID=471) to work on /opt/airflow/dags/main.py
[2026-08-10T16:58:02.402+0000] {processor.py:830} INFO - Processing file /opt/airflow/dags/main.py for tasks to queue
[2026-08-10T16:58:02.407+0000] {logging_mixin.py:188} INFO - [2026-08-10T16:58:02.406+0000] {dagbag.py:545} INFO - Filling up the DagBag from /opt/airflow/dags/main.py
[2026-08-10T16:58:02.478+0000] {logging_mixin.py:188} INFO - [2026-08-10T16:58:02.474+0000] {dagbag.py:355} ERROR - Failed to import: /opt/airflow/dags/main.py
Traceback (most recent call last):
  File "/home/airflow/.local/lib/python3.10/site-packages/airflow/models/dagbag.py", line 351, in parse
    loader.exec_module(new_module)
  File "<frozen importlib._bootstrap_external>", line 883, in exec_module
  File "<frozen importlib._bootstrap>", line 241, in _call_with_frames_removed
  File "/opt/airflow/dags/main.py", line 13, in <module>
    from datawarehouse.dwh import staging_table, core_table
ModuleNotFoundError: No module named 'datawarehouse'
[2026-08-10T16:58:02.479+0000] {processor.py:842} WARNING - No viable dags retrieved from /opt/airflow/dags/main.py
[2026-08-10T16:58:02.499+0000] {processor.py:183} INFO - Processing /opt/airflow/dags/main.py took 0.110 seconds
[2026-08-10T16:58:32.930+0000] {processor.py:161} INFO - Started process (PID=478) to work on /opt/airflow/dags/main.py
[2026-08-10T16:58:32.932+0000] {processor.py:830} INFO - Processing file /opt/airflow/dags/main.py for tasks to queue
[2026-08-10T16:58:32.936+0000] {logging_mixin.py:188} INFO - [2026-08-10T16:58:32.935+0000] {dagbag.py:545} INFO - Filling up the DagBag from /opt/airflow/dags/main.py
[2026-08-10T16:58:33.016+0000] {logging_mixin.py:188} INFO - [2026-08-10T16:58:33.010+0000] {dagbag.py:355} ERROR - Failed to import: /opt/airflow/dags/main.py
Traceback (most recent call last):
  File "/home/airflow/.local/lib/python3.10/site-packages/airflow/models/dagbag.py", line 351, in parse
    loader.exec_module(new_module)
  File "<frozen importlib._bootstrap_external>", line 883, in exec_module
  File "<frozen importlib._bootstrap>", line 241, in _call_with_frames_removed
  File "/opt/airflow/dags/main.py", line 13, in <module>
    from datawarehouse.dwh import staging_table, core_table
ModuleNotFoundError: No module named 'datawarehouse'
[2026-08-10T16:58:33.018+0000] {processor.py:842} WARNING - No viable dags retrieved from /opt/airflow/dags/main.py
[2026-08-10T16:58:33.045+0000] {processor.py:183} INFO - Processing /opt/airflow/dags/main.py took 0.125 seconds
[2026-08-10T16:59:03.383+0000] {processor.py:161} INFO - Started process (PID=485) to work on /opt/airflow/dags/main.py
[2026-08-10T16:59:03.385+0000] {processor.py:830} INFO - Processing file /opt/airflow/dags/main.py for tasks to queue
[2026-08-10T16:59:03.387+0000] {logging_mixin.py:188} INFO - [2026-08-10T16:59:03.387+0000] {dagbag.py:545} INFO - Filling up the DagBag from /opt/airflow/dags/main.py
[2026-08-10T16:59:03.465+0000] {logging_mixin.py:188} INFO - [2026-08-10T16:59:03.461+0000] {dagbag.py:355} ERROR - Failed to import: /opt/airflow/dags/main.py
Traceback (most recent call last):
  File "/home/airflow/.local/lib/python3.10/site-packages/airflow/models/dagbag.py", line 351, in parse
    loader.exec_module(new_module)
  File "<frozen importlib._bootstrap_external>", line 883, in exec_module
  File "<frozen importlib._bootstrap>", line 241, in _call_with_frames_removed
  File "/opt/airflow/dags/main.py", line 13, in <module>
    from datawarehouse.dwh import staging_table, core_table
ModuleNotFoundError: No module named 'datawarehouse'
[2026-08-10T16:59:03.467+0000] {processor.py:842} WARNING - No viable dags retrieved from /opt/airflow/dags/main.py
[2026-08-10T16:59:03.488+0000] {processor.py:183} INFO - Processing /opt/airflow/dags/main.py took 0.113 seconds
[2026-08-10T16:59:33.948+0000] {processor.py:161} INFO - Started process (PID=492) to work on /opt/airflow/dags/main.py
[2026-08-10T16:59:33.950+0000] {processor.py:830} INFO - Processing file /opt/airflow/dags/main.py for tasks to queue
[2026-08-10T16:59:33.953+0000] {logging_mixin.py:188} INFO - [2026-08-10T16:59:33.953+0000] {dagbag.py:545} INFO - Filling up the DagBag from /opt/airflow/dags/main.py
[2026-08-10T16:59:34.033+0000] {logging_mixin.py:188} INFO - [2026-08-10T16:59:34.028+0000] {dagbag.py:355} ERROR - Failed to import: /opt/airflow/dags/main.py
Traceback (most recent call last):
  File "/home/airflow/.local/lib/python3.10/site-packages/airflow/models/dagbag.py", line 351, in parse
    loader.exec_module(new_module)
  File "<frozen importlib._bootstrap_external>", line 883, in exec_module
  File "<frozen importlib._bootstrap>", line 241, in _call_with_frames_removed
  File "/opt/airflow/dags/main.py", line 13, in <module>
    from datawarehouse.dwh import staging_table, core_table
ModuleNotFoundError: No module named 'datawarehouse'
[2026-08-10T16:59:34.035+0000] {processor.py:842} WARNING - No viable dags retrieved from /opt/airflow/dags/main.py
[2026-08-10T16:59:34.054+0000] {processor.py:183} INFO - Processing /opt/airflow/dags/main.py took 0.118 seconds
[2026-08-10T17:00:04.515+0000] {processor.py:161} INFO - Started process (PID=499) to work on /opt/airflow/dags/main.py
[2026-08-10T17:00:04.517+0000] {processor.py:830} INFO - Processing file /opt/airflow/dags/main.py for tasks to queue
[2026-08-10T17:00:04.520+0000] {logging_mixin.py:188} INFO - [2026-08-10T17:00:04.520+0000] {dagbag.py:545} INFO - Filling up the DagBag from /opt/airflow/dags/main.py
[2026-08-10T17:00:04.645+0000] {logging_mixin.py:188} INFO - [2026-08-10T17:00:04.636+0000] {dagbag.py:355} ERROR - Failed to import: /opt/airflow/dags/main.py
Traceback (most recent call last):
  File "/home/airflow/.local/lib/python3.10/site-packages/airflow/models/dagbag.py", line 351, in parse
    loader.exec_module(new_module)
  File "<frozen importlib._bootstrap_external>", line 883, in exec_module
  File "<frozen importlib._bootstrap>", line 241, in _call_with_frames_removed
  File "/opt/airflow/dags/main.py", line 13, in <module>
    from datawarehouse.dwh import staging_table, core_table
ModuleNotFoundError: No module named 'datawarehouse'
[2026-08-10T17:00:04.648+0000] {processor.py:842} WARNING - No viable dags retrieved from /opt/airflow/dags/main.py
[2026-08-10T17:00:04.693+0000] {processor.py:183} INFO - Processing /opt/airflow/dags/main.py took 0.185 seconds
[2026-08-10T17:00:34.858+0000] {processor.py:161} INFO - Started process (PID=506) to work on /opt/airflow/dags/main.py
[2026-08-10T17:00:34.860+0000] {processor.py:830} INFO - Processing file /opt/airflow/dags/main.py for tasks to queue
[2026-08-10T17:00:34.863+0000] {logging_mixin.py:188} INFO - [2026-08-10T17:00:34.863+0000] {dagbag.py:545} INFO - Filling up the DagBag from /opt/airflow/dags/main.py
[2026-08-10T17:00:34.946+0000] {logging_mixin.py:188} INFO - [2026-08-10T17:00:34.939+0000] {dagbag.py:355} ERROR - Failed to import: /opt/airflow/dags/main.py
Traceback (most recent call last):
  File "/home/airflow/.local/lib/python3.10/site-packages/airflow/models/dagbag.py", line 351, in parse
    loader.exec_module(new_module)
  File "<frozen importlib._bootstrap_external>", line 883, in exec_module
  File "<frozen importlib._bootstrap>", line 241, in _call_with_frames_removed
  File "/opt/airflow/dags/main.py", line 13, in <module>
    from datawarehouse.dwh import staging_table, core_table
ModuleNotFoundError: No module named 'datawarehouse'
[2026-08-10T17:00:34.949+0000] {processor.py:842} WARNING - No viable dags retrieved from /opt/airflow/dags/main.py
[2026-08-10T17:00:34.976+0000] {processor.py:183} INFO - Processing /opt/airflow/dags/main.py took 0.129 seconds
[2026-08-10T17:01:05.582+0000] {processor.py:161} INFO - Started process (PID=513) to work on /opt/airflow/dags/main.py
[2026-08-10T17:01:05.585+0000] {processor.py:830} INFO - Processing file /opt/airflow/dags/main.py for tasks to queue
[2026-08-10T17:01:05.589+0000] {logging_mixin.py:188} INFO - [2026-08-10T17:01:05.588+0000] {dagbag.py:545} INFO - Filling up the DagBag from /opt/airflow/dags/main.py
[2026-08-10T17:01:05.677+0000] {logging_mixin.py:188} INFO - [2026-08-10T17:01:05.672+0000] {dagbag.py:355} ERROR - Failed to import: /opt/airflow/dags/main.py
Traceback (most recent call last):
  File "/home/airflow/.local/lib/python3.10/site-packages/airflow/models/dagbag.py", line 351, in parse
    loader.exec_module(new_module)
  File "<frozen importlib._bootstrap_external>", line 883, in exec_module
  File "<frozen importlib._bootstrap>", line 241, in _call_with_frames_removed
  File "/opt/airflow/dags/main.py", line 13, in <module>
    from datawarehouse.dwh import staging_table, core_table
ModuleNotFoundError: No module named 'datawarehouse'
[2026-08-10T17:01:05.679+0000] {processor.py:842} WARNING - No viable dags retrieved from /opt/airflow/dags/main.py
[2026-08-10T17:01:05.716+0000] {processor.py:183} INFO - Processing /opt/airflow/dags/main.py took 0.147 seconds
[2026-08-10T17:01:35.877+0000] {processor.py:161} INFO - Started process (PID=520) to work on /opt/airflow/dags/main.py
[2026-08-10T17:01:35.880+0000] {processor.py:830} INFO - Processing file /opt/airflow/dags/main.py for tasks to queue
[2026-08-10T17:01:35.885+0000] {logging_mixin.py:188} INFO - [2026-08-10T17:01:35.884+0000] {dagbag.py:545} INFO - Filling up the DagBag from /opt/airflow/dags/main.py
[2026-08-10T17:01:36.032+0000] {logging_mixin.py:188} INFO - [2026-08-10T17:01:36.021+0000] {dagbag.py:355} ERROR - Failed to import: /opt/airflow/dags/main.py
Traceback (most recent call last):
  File "/home/airflow/.local/lib/python3.10/site-packages/airflow/models/dagbag.py", line 351, in parse
    loader.exec_module(new_module)
  File "<frozen importlib._bootstrap_external>", line 883, in exec_module
  File "<frozen importlib._bootstrap>", line 241, in _call_with_frames_removed
  File "/opt/airflow/dags/main.py", line 13, in <module>
    from datawarehouse.dwh import staging_table, core_table
  File "/opt/airflow/dags/datawarehouse/dwh.py", line 1, in <module>
    from datawarehouse.data_utils import (
ModuleNotFoundError: No module named 'datawarehouse.data_utils'
[2026-08-10T17:01:36.034+0000] {processor.py:842} WARNING - No viable dags retrieved from /opt/airflow/dags/main.py
[2026-08-10T17:01:36.056+0000] {processor.py:183} INFO - Processing /opt/airflow/dags/main.py took 0.193 seconds
[2026-08-10T17:02:06.261+0000] {processor.py:161} INFO - Started process (PID=527) to work on /opt/airflow/dags/main.py
[2026-08-10T17:02:06.262+0000] {processor.py:830} INFO - Processing file /opt/airflow/dags/main.py for tasks to queue
[2026-08-10T17:02:06.265+0000] {logging_mixin.py:188} INFO - [2026-08-10T17:02:06.265+0000] {dagbag.py:545} INFO - Filling up the DagBag from /opt/airflow/dags/main.py
[2026-08-10T17:02:06.367+0000] {logging_mixin.py:188} INFO - [2026-08-10T17:02:06.359+0000] {dagbag.py:355} ERROR - Failed to import: /opt/airflow/dags/main.py
Traceback (most recent call last):
  File "/home/airflow/.local/lib/python3.10/site-packages/airflow/models/dagbag.py", line 351, in parse
    loader.exec_module(new_module)
  File "<frozen importlib._bootstrap_external>", line 883, in exec_module
  File "<frozen importlib._bootstrap>", line 241, in _call_with_frames_removed
  File "/opt/airflow/dags/main.py", line 13, in <module>
    from datawarehouse.dwh import staging_table, core_table
  File "/opt/airflow/dags/datawarehouse/dwh.py", line 1, in <module>
    from datawarehouse.data_utils import (
ModuleNotFoundError: No module named 'datawarehouse.data_utils'
[2026-08-10T17:02:06.370+0000] {processor.py:842} WARNING - No viable dags retrieved from /opt/airflow/dags/main.py
[2026-08-10T17:02:06.390+0000] {processor.py:183} INFO - Processing /opt/airflow/dags/main.py took 0.137 seconds
[2026-08-10T17:02:36.673+0000] {processor.py:161} INFO - Started process (PID=534) to work on /opt/airflow/dags/main.py
[2026-08-10T17:02:36.675+0000] {processor.py:830} INFO - Processing file /opt/airflow/dags/main.py for tasks to queue
[2026-08-10T17:02:36.678+0000] {logging_mixin.py:188} INFO - [2026-08-10T17:02:36.678+0000] {dagbag.py:545} INFO - Filling up the DagBag from /opt/airflow/dags/main.py
[2026-08-10T17:02:36.789+0000] {logging_mixin.py:188} INFO - [2026-08-10T17:02:36.780+0000] {dagbag.py:355} ERROR - Failed to import: /opt/airflow/dags/main.py
Traceback (most recent call last):
  File "/home/airflow/.local/lib/python3.10/site-packages/airflow/models/dagbag.py", line 351, in parse
    loader.exec_module(new_module)
  File "<frozen importlib._bootstrap_external>", line 883, in exec_module
  File "<frozen importlib._bootstrap>", line 241, in _call_with_frames_removed
  File "/opt/airflow/dags/main.py", line 13, in <module>
    from datawarehouse.dwh import staging_table, core_table
  File "/opt/airflow/dags/datawarehouse/dwh.py", line 1, in <module>
    from datawarehouse.data_utils import (
ModuleNotFoundError: No module named 'datawarehouse.data_utils'
[2026-08-10T17:02:36.792+0000] {processor.py:842} WARNING - No viable dags retrieved from /opt/airflow/dags/main.py
[2026-08-10T17:02:36.813+0000] {processor.py:183} INFO - Processing /opt/airflow/dags/main.py took 0.154 seconds
[2026-08-10T17:03:07.058+0000] {processor.py:161} INFO - Started process (PID=547) to work on /opt/airflow/dags/main.py
[2026-08-10T17:03:07.059+0000] {processor.py:830} INFO - Processing file /opt/airflow/dags/main.py for tasks to queue
[2026-08-10T17:03:07.062+0000] {logging_mixin.py:188} INFO - [2026-08-10T17:03:07.062+0000] {dagbag.py:545} INFO - Filling up the DagBag from /opt/airflow/dags/main.py
[2026-08-10T17:03:07.205+0000] {logging_mixin.py:188} INFO - [2026-08-10T17:03:07.185+0000] {dagbag.py:355} ERROR - Failed to import: /opt/airflow/dags/main.py
Traceback (most recent call last):
  File "/home/airflow/.local/lib/python3.10/site-packages/airflow/models/dagbag.py", line 351, in parse
    loader.exec_module(new_module)
  File "<frozen importlib._bootstrap_external>", line 883, in exec_module
  File "<frozen importlib._bootstrap>", line 241, in _call_with_frames_removed
  File "/opt/airflow/dags/main.py", line 13, in <module>
    from datawarehouse.dwh import staging_table, core_table
  File "/opt/airflow/dags/datawarehouse/dwh.py", line 1, in <module>
    from datawarehouse.data_utils import (
ModuleNotFoundError: No module named 'datawarehouse.data_utils'
[2026-08-10T17:03:07.213+0000] {processor.py:842} WARNING - No viable dags retrieved from /opt/airflow/dags/main.py
[2026-08-10T17:03:07.254+0000] {processor.py:183} INFO - Processing /opt/airflow/dags/main.py took 0.204 seconds
[2026-08-10T17:03:37.467+0000] {processor.py:161} INFO - Started process (PID=554) to work on /opt/airflow/dags/main.py
[2026-08-10T17:03:37.469+0000] {processor.py:830} INFO - Processing file /opt/airflow/dags/main.py for tasks to queue
[2026-08-10T17:03:37.474+0000] {logging_mixin.py:188} INFO - [2026-08-10T17:03:37.473+0000] {dagbag.py:545} INFO - Filling up the DagBag from /opt/airflow/dags/main.py
[2026-08-10T17:03:37.621+0000] {logging_mixin.py:188} INFO - [2026-08-10T17:03:37.607+0000] {dagbag.py:355} ERROR - Failed to import: /opt/airflow/dags/main.py
Traceback (most recent call last):
  File "/home/airflow/.local/lib/python3.10/site-packages/airflow/models/dagbag.py", line 351, in parse
    loader.exec_module(new_module)
  File "<frozen importlib._bootstrap_external>", line 883, in exec_module
  File "<frozen importlib._bootstrap>", line 241, in _call_with_frames_removed
  File "/opt/airflow/dags/main.py", line 13, in <module>
    from datawarehouse.dwh import staging_table, core_table
  File "/opt/airflow/dags/datawarehouse/dwh.py", line 1, in <module>
    from datawarehouse.data_utils import (
ModuleNotFoundError: No module named 'datawarehouse.data_utils'
[2026-08-10T17:03:37.625+0000] {processor.py:842} WARNING - No viable dags retrieved from /opt/airflow/dags/main.py
[2026-08-10T17:03:37.649+0000] {processor.py:183} INFO - Processing /opt/airflow/dags/main.py took 0.190 seconds
[2026-08-10T17:04:08.070+0000] {processor.py:161} INFO - Started process (PID=561) to work on /opt/airflow/dags/main.py
[2026-08-10T17:04:08.074+0000] {processor.py:830} INFO - Processing file /opt/airflow/dags/main.py for tasks to queue
[2026-08-10T17:04:08.079+0000] {logging_mixin.py:188} INFO - [2026-08-10T17:04:08.078+0000] {dagbag.py:545} INFO - Filling up the DagBag from /opt/airflow/dags/main.py
[2026-08-10T17:04:08.239+0000] {logging_mixin.py:188} INFO - [2026-08-10T17:04:08.226+0000] {dagbag.py:355} ERROR - Failed to import: /opt/airflow/dags/main.py
Traceback (most recent call last):
  File "/home/airflow/.local/lib/python3.10/site-packages/airflow/models/dagbag.py", line 351, in parse
    loader.exec_module(new_module)
  File "<frozen importlib._bootstrap_external>", line 883, in exec_module
  File "<frozen importlib._bootstrap>", line 241, in _call_with_frames_removed
  File "/opt/airflow/dags/main.py", line 13, in <module>
    from datawarehouse.dwh import staging_table, core_table
  File "/opt/airflow/dags/datawarehouse/dwh.py", line 1, in <module>
    from datawarehouse.data_utils import (
ModuleNotFoundError: No module named 'datawarehouse.data_utils'
[2026-08-10T17:04:08.243+0000] {processor.py:842} WARNING - No viable dags retrieved from /opt/airflow/dags/main.py
[2026-08-10T17:04:08.272+0000] {processor.py:183} INFO - Processing /opt/airflow/dags/main.py took 0.217 seconds
[2026-08-10T17:04:38.331+0000] {processor.py:161} INFO - Started process (PID=568) to work on /opt/airflow/dags/main.py
[2026-08-10T17:04:38.332+0000] {processor.py:830} INFO - Processing file /opt/airflow/dags/main.py for tasks to queue
[2026-08-10T17:04:38.336+0000] {logging_mixin.py:188} INFO - [2026-08-10T17:04:38.336+0000] {dagbag.py:545} INFO - Filling up the DagBag from /opt/airflow/dags/main.py
[2026-08-10T17:04:38.430+0000] {logging_mixin.py:188} INFO - [2026-08-10T17:04:38.421+0000] {dagbag.py:355} ERROR - Failed to import: /opt/airflow/dags/main.py
Traceback (most recent call last):
  File "/home/airflow/.local/lib/python3.10/site-packages/airflow/models/dagbag.py", line 351, in parse
    loader.exec_module(new_module)
  File "<frozen importlib._bootstrap_external>", line 883, in exec_module
  File "<frozen importlib._bootstrap>", line 241, in _call_with_frames_removed
  File "/opt/airflow/dags/main.py", line 13, in <module>
    from datawarehouse.dwh import staging_table, core_table
  File "/opt/airflow/dags/datawarehouse/dwh.py", line 1, in <module>
    from datawarehouse.data_utils import (
ModuleNotFoundError: No module named 'datawarehouse.data_utils'
[2026-08-10T17:04:38.433+0000] {processor.py:842} WARNING - No viable dags retrieved from /opt/airflow/dags/main.py
[2026-08-10T17:04:38.464+0000] {processor.py:183} INFO - Processing /opt/airflow/dags/main.py took 0.140 seconds
[2026-08-10T17:05:08.982+0000] {processor.py:161} INFO - Started process (PID=575) to work on /opt/airflow/dags/main.py
[2026-08-10T17:05:08.984+0000] {processor.py:830} INFO - Processing file /opt/airflow/dags/main.py for tasks to queue
[2026-08-10T17:05:08.988+0000] {logging_mixin.py:188} INFO - [2026-08-10T17:05:08.988+0000] {dagbag.py:545} INFO - Filling up the DagBag from /opt/airflow/dags/main.py
[2026-08-10T17:05:09.113+0000] {logging_mixin.py:188} INFO - [2026-08-10T17:05:09.104+0000] {dagbag.py:355} ERROR - Failed to import: /opt/airflow/dags/main.py
Traceback (most recent call last):
  File "/home/airflow/.local/lib/python3.10/site-packages/airflow/models/dagbag.py", line 351, in parse
    loader.exec_module(new_module)
  File "<frozen importlib._bootstrap_external>", line 883, in exec_module
  File "<frozen importlib._bootstrap>", line 241, in _call_with_frames_removed
  File "/opt/airflow/dags/main.py", line 13, in <module>
    from datawarehouse.dwh import staging_table, core_table
  File "/opt/airflow/dags/datawarehouse/dwh.py", line 1, in <module>
    from datawarehouse.data_utils import (
ModuleNotFoundError: No module named 'datawarehouse.data_utils'
[2026-08-10T17:05:09.116+0000] {processor.py:842} WARNING - No viable dags retrieved from /opt/airflow/dags/main.py
[2026-08-10T17:05:09.138+0000] {processor.py:183} INFO - Processing /opt/airflow/dags/main.py took 0.165 seconds
[2026-08-10T17:05:39.813+0000] {processor.py:161} INFO - Started process (PID=582) to work on /opt/airflow/dags/main.py
[2026-08-10T17:05:39.814+0000] {processor.py:830} INFO - Processing file /opt/airflow/dags/main.py for tasks to queue
[2026-08-10T17:05:39.817+0000] {logging_mixin.py:188} INFO - [2026-08-10T17:05:39.816+0000] {dagbag.py:545} INFO - Filling up the DagBag from /opt/airflow/dags/main.py
[2026-08-10T17:05:39.906+0000] {logging_mixin.py:188} INFO - [2026-08-10T17:05:39.898+0000] {dagbag.py:355} ERROR - Failed to import: /opt/airflow/dags/main.py
Traceback (most recent call last):
  File "/home/airflow/.local/lib/python3.10/site-packages/airflow/models/dagbag.py", line 351, in parse
    loader.exec_module(new_module)
  File "<frozen importlib._bootstrap_external>", line 883, in exec_module
  File "<frozen importlib._bootstrap>", line 241, in _call_with_frames_removed
  File "/opt/airflow/dags/main.py", line 13, in <module>
    from datawarehouse.dwh import staging_table, core_table
  File "/opt/airflow/dags/datawarehouse/dwh.py", line 1, in <module>
    from datawarehouse.data_utils import (
ModuleNotFoundError: No module named 'datawarehouse.data_utils'
[2026-08-10T17:05:39.909+0000] {processor.py:842} WARNING - No viable dags retrieved from /opt/airflow/dags/main.py
[2026-08-10T17:05:39.928+0000] {processor.py:183} INFO - Processing /opt/airflow/dags/main.py took 0.124 seconds
[2026-08-10T17:06:10.765+0000] {processor.py:161} INFO - Started process (PID=589) to work on /opt/airflow/dags/main.py
[2026-08-10T17:06:10.767+0000] {processor.py:830} INFO - Processing file /opt/airflow/dags/main.py for tasks to queue
[2026-08-10T17:06:10.769+0000] {logging_mixin.py:188} INFO - [2026-08-10T17:06:10.769+0000] {dagbag.py:545} INFO - Filling up the DagBag from /opt/airflow/dags/main.py
[2026-08-10T17:06:10.888+0000] {logging_mixin.py:188} INFO - [2026-08-10T17:06:10.872+0000] {dagbag.py:355} ERROR - Failed to import: /opt/airflow/dags/main.py
Traceback (most recent call last):
  File "/home/airflow/.local/lib/python3.10/site-packages/airflow/models/dagbag.py", line 351, in parse
    loader.exec_module(new_module)
  File "<frozen importlib._bootstrap_external>", line 883, in exec_module
  File "<frozen importlib._bootstrap>", line 241, in _call_with_frames_removed
  File "/opt/airflow/dags/main.py", line 13, in <module>
    from datawarehouse.dwh import staging_table, core_table
  File "/opt/airflow/dags/datawarehouse/dwh.py", line 1, in <module>
    from datawarehouse.data_utils import (
ModuleNotFoundError: No module named 'datawarehouse.data_utils'
[2026-08-10T17:06:10.893+0000] {processor.py:842} WARNING - No viable dags retrieved from /opt/airflow/dags/main.py
[2026-08-10T17:06:10.922+0000] {processor.py:183} INFO - Processing /opt/airflow/dags/main.py took 0.163 seconds
[2026-08-10T17:06:41.070+0000] {processor.py:161} INFO - Started process (PID=596) to work on /opt/airflow/dags/main.py
[2026-08-10T17:06:41.072+0000] {processor.py:830} INFO - Processing file /opt/airflow/dags/main.py for tasks to queue
[2026-08-10T17:06:41.074+0000] {logging_mixin.py:188} INFO - [2026-08-10T17:06:41.074+0000] {dagbag.py:545} INFO - Filling up the DagBag from /opt/airflow/dags/main.py
[2026-08-10T17:06:41.188+0000] {logging_mixin.py:188} INFO - [2026-08-10T17:06:41.175+0000] {dagbag.py:355} ERROR - Failed to import: /opt/airflow/dags/main.py
Traceback (most recent call last):
  File "/home/airflow/.local/lib/python3.10/site-packages/airflow/models/dagbag.py", line 351, in parse
    loader.exec_module(new_module)
  File "<frozen importlib._bootstrap_external>", line 883, in exec_module
  File "<frozen importlib._bootstrap>", line 241, in _call_with_frames_removed
  File "/opt/airflow/dags/main.py", line 13, in <module>
    from datawarehouse.dwh import staging_table, core_table
  File "/opt/airflow/dags/datawarehouse/dwh.py", line 1, in <module>
    from datawarehouse.data_utils import (
ModuleNotFoundError: No module named 'datawarehouse.data_utils'
[2026-08-10T17:06:41.191+0000] {processor.py:842} WARNING - No viable dags retrieved from /opt/airflow/dags/main.py
[2026-08-10T17:06:41.215+0000] {processor.py:183} INFO - Processing /opt/airflow/dags/main.py took 0.153 seconds
[2026-08-10T17:07:11.461+0000] {processor.py:161} INFO - Started process (PID=603) to work on /opt/airflow/dags/main.py
[2026-08-10T17:07:11.463+0000] {processor.py:830} INFO - Processing file /opt/airflow/dags/main.py for tasks to queue
[2026-08-10T17:07:11.468+0000] {logging_mixin.py:188} INFO - [2026-08-10T17:07:11.468+0000] {dagbag.py:545} INFO - Filling up the DagBag from /opt/airflow/dags/main.py
[2026-08-10T17:07:11.569+0000] {logging_mixin.py:188} INFO - [2026-08-10T17:07:11.560+0000] {dagbag.py:355} ERROR - Failed to import: /opt/airflow/dags/main.py
Traceback (most recent call last):
  File "/home/airflow/.local/lib/python3.10/site-packages/airflow/models/dagbag.py", line 351, in parse
    loader.exec_module(new_module)
  File "<frozen importlib._bootstrap_external>", line 883, in exec_module
  File "<frozen importlib._bootstrap>", line 241, in _call_with_frames_removed
  File "/opt/airflow/dags/main.py", line 13, in <module>
    from datawarehouse.dwh import staging_table, core_table
  File "/opt/airflow/dags/datawarehouse/dwh.py", line 1, in <module>
    from datawarehouse.data_utils import (
ModuleNotFoundError: No module named 'datawarehouse.data_utils'
[2026-08-10T17:07:11.572+0000] {processor.py:842} WARNING - No viable dags retrieved from /opt/airflow/dags/main.py
[2026-08-10T17:07:11.595+0000] {processor.py:183} INFO - Processing /opt/airflow/dags/main.py took 0.146 seconds
[2026-08-10T17:07:41.765+0000] {processor.py:161} INFO - Started process (PID=610) to work on /opt/airflow/dags/main.py
[2026-08-10T17:07:41.766+0000] {processor.py:830} INFO - Processing file /opt/airflow/dags/main.py for tasks to queue
[2026-08-10T17:07:41.769+0000] {logging_mixin.py:188} INFO - [2026-08-10T17:07:41.769+0000] {dagbag.py:545} INFO - Filling up the DagBag from /opt/airflow/dags/main.py
[2026-08-10T17:07:41.858+0000] {logging_mixin.py:188} INFO - [2026-08-10T17:07:41.848+0000] {dagbag.py:355} ERROR - Failed to import: /opt/airflow/dags/main.py
Traceback (most recent call last):
  File "/home/airflow/.local/lib/python3.10/site-packages/airflow/models/dagbag.py", line 351, in parse
    loader.exec_module(new_module)
  File "<frozen importlib._bootstrap_external>", line 883, in exec_module
  File "<frozen importlib._bootstrap>", line 241, in _call_with_frames_removed
  File "/opt/airflow/dags/main.py", line 13, in <module>
    from datawarehouse.dwh import staging_table, core_table
  File "/opt/airflow/dags/datawarehouse/dwh.py", line 1, in <module>
    from datawarehouse.data_utils import (
ModuleNotFoundError: No module named 'datawarehouse.data_utils'
[2026-08-10T17:07:41.862+0000] {processor.py:842} WARNING - No viable dags retrieved from /opt/airflow/dags/main.py
[2026-08-10T17:07:41.885+0000] {processor.py:183} INFO - Processing /opt/airflow/dags/main.py took 0.128 seconds
[2026-08-10T17:08:12.208+0000] {processor.py:161} INFO - Started process (PID=617) to work on /opt/airflow/dags/main.py
[2026-08-10T17:08:12.212+0000] {processor.py:830} INFO - Processing file /opt/airflow/dags/main.py for tasks to queue
[2026-08-10T17:08:12.220+0000] {logging_mixin.py:188} INFO - [2026-08-10T17:08:12.219+0000] {dagbag.py:545} INFO - Filling up the DagBag from /opt/airflow/dags/main.py
[2026-08-10T17:08:12.344+0000] {logging_mixin.py:188} INFO - [2026-08-10T17:08:12.336+0000] {dagbag.py:355} ERROR - Failed to import: /opt/airflow/dags/main.py
Traceback (most recent call last):
  File "/home/airflow/.local/lib/python3.10/site-packages/airflow/models/dagbag.py", line 351, in parse
    loader.exec_module(new_module)
  File "<frozen importlib._bootstrap_external>", line 883, in exec_module
  File "<frozen importlib._bootstrap>", line 241, in _call_with_frames_removed
  File "/opt/airflow/dags/main.py", line 13, in <module>
    from datawarehouse.dwh import staging_table, core_table
  File "/opt/airflow/dags/datawarehouse/dwh.py", line 1, in <module>
    from datawarehouse.data_utils import (
ModuleNotFoundError: No module named 'datawarehouse.data_utils'
[2026-08-10T17:08:12.347+0000] {processor.py:842} WARNING - No viable dags retrieved from /opt/airflow/dags/main.py
[2026-08-10T17:08:12.368+0000] {processor.py:183} INFO - Processing /opt/airflow/dags/main.py took 0.181 seconds
[2026-08-10T17:08:42.588+0000] {processor.py:161} INFO - Started process (PID=624) to work on /opt/airflow/dags/main.py
[2026-08-10T17:08:42.590+0000] {processor.py:830} INFO - Processing file /opt/airflow/dags/main.py for tasks to queue
[2026-08-10T17:08:42.593+0000] {logging_mixin.py:188} INFO - [2026-08-10T17:08:42.593+0000] {dagbag.py:545} INFO - Filling up the DagBag from /opt/airflow/dags/main.py
[2026-08-10T17:08:42.704+0000] {logging_mixin.py:188} INFO - [2026-08-10T17:08:42.694+0000] {dagbag.py:355} ERROR - Failed to import: /opt/airflow/dags/main.py
Traceback (most recent call last):
  File "/home/airflow/.local/lib/python3.10/site-packages/airflow/models/dagbag.py", line 351, in parse
    loader.exec_module(new_module)
  File "<frozen importlib._bootstrap_external>", line 883, in exec_module
  File "<frozen importlib._bootstrap>", line 241, in _call_with_frames_removed
  File "/opt/airflow/dags/main.py", line 13, in <module>
    from datawarehouse.dwh import staging_table, core_table
  File "/opt/airflow/dags/datawarehouse/dwh.py", line 1, in <module>
    from datawarehouse.data_utils import (
ModuleNotFoundError: No module named 'datawarehouse.data_utils'
[2026-08-10T17:08:42.707+0000] {processor.py:842} WARNING - No viable dags retrieved from /opt/airflow/dags/main.py
[2026-08-10T17:08:42.728+0000] {processor.py:183} INFO - Processing /opt/airflow/dags/main.py took 0.151 seconds
[2026-08-10T17:09:13.108+0000] {processor.py:161} INFO - Started process (PID=631) to work on /opt/airflow/dags/main.py
[2026-08-10T17:09:13.110+0000] {processor.py:830} INFO - Processing file /opt/airflow/dags/main.py for tasks to queue
[2026-08-10T17:09:13.113+0000] {logging_mixin.py:188} INFO - [2026-08-10T17:09:13.112+0000] {dagbag.py:545} INFO - Filling up the DagBag from /opt/airflow/dags/main.py
[2026-08-10T17:09:13.222+0000] {logging_mixin.py:188} INFO - [2026-08-10T17:09:13.210+0000] {dagbag.py:355} ERROR - Failed to import: /opt/airflow/dags/main.py
Traceback (most recent call last):
  File "/home/airflow/.local/lib/python3.10/site-packages/airflow/models/dagbag.py", line 351, in parse
    loader.exec_module(new_module)
  File "<frozen importlib._bootstrap_external>", line 883, in exec_module
  File "<frozen importlib._bootstrap>", line 241, in _call_with_frames_removed
  File "/opt/airflow/dags/main.py", line 13, in <module>
    from datawarehouse.dwh import staging_table, core_table
  File "/opt/airflow/dags/datawarehouse/dwh.py", line 1, in <module>
    from datawarehouse.data_utils import (
ModuleNotFoundError: No module named 'datawarehouse.data_utils'
[2026-08-10T17:09:13.225+0000] {processor.py:842} WARNING - No viable dags retrieved from /opt/airflow/dags/main.py
[2026-08-10T17:09:13.252+0000] {processor.py:183} INFO - Processing /opt/airflow/dags/main.py took 0.158 seconds
[2026-08-10T17:09:43.442+0000] {processor.py:161} INFO - Started process (PID=638) to work on /opt/airflow/dags/main.py
[2026-08-10T17:09:43.445+0000] {processor.py:830} INFO - Processing file /opt/airflow/dags/main.py for tasks to queue
[2026-08-10T17:09:43.448+0000] {logging_mixin.py:188} INFO - [2026-08-10T17:09:43.447+0000] {dagbag.py:545} INFO - Filling up the DagBag from /opt/airflow/dags/main.py
[2026-08-10T17:09:43.555+0000] {logging_mixin.py:188} INFO - [2026-08-10T17:09:43.548+0000] {dagbag.py:355} ERROR - Failed to import: /opt/airflow/dags/main.py
Traceback (most recent call last):
  File "/home/airflow/.local/lib/python3.10/site-packages/airflow/models/dagbag.py", line 351, in parse
    loader.exec_module(new_module)
  File "<frozen importlib._bootstrap_external>", line 883, in exec_module
  File "<frozen importlib._bootstrap>", line 241, in _call_with_frames_removed
  File "/opt/airflow/dags/main.py", line 13, in <module>
    from datawarehouse.dwh import staging_table, core_table
  File "/opt/airflow/dags/datawarehouse/dwh.py", line 1, in <module>
    from datawarehouse.data_utils import (
ModuleNotFoundError: No module named 'datawarehouse.data_utils'
[2026-08-10T17:09:43.558+0000] {processor.py:842} WARNING - No viable dags retrieved from /opt/airflow/dags/main.py
[2026-08-10T17:09:43.590+0000] {processor.py:183} INFO - Processing /opt/airflow/dags/main.py took 0.162 seconds
[2026-08-10T17:10:13.697+0000] {processor.py:161} INFO - Started process (PID=645) to work on /opt/airflow/dags/main.py
[2026-08-10T17:10:13.699+0000] {processor.py:830} INFO - Processing file /opt/airflow/dags/main.py for tasks to queue
[2026-08-10T17:10:13.703+0000] {logging_mixin.py:188} INFO - [2026-08-10T17:10:13.702+0000] {dagbag.py:545} INFO - Filling up the DagBag from /opt/airflow/dags/main.py
[2026-08-10T17:10:13.803+0000] {logging_mixin.py:188} INFO - [2026-08-10T17:10:13.793+0000] {dagbag.py:355} ERROR - Failed to import: /opt/airflow/dags/main.py
Traceback (most recent call last):
  File "/home/airflow/.local/lib/python3.10/site-packages/airflow/models/dagbag.py", line 351, in parse
    loader.exec_module(new_module)
  File "<frozen importlib._bootstrap_external>", line 883, in exec_module
  File "<frozen importlib._bootstrap>", line 241, in _call_with_frames_removed
  File "/opt/airflow/dags/main.py", line 13, in <module>
    from datawarehouse.dwh import staging_table, core_table
  File "/opt/airflow/dags/datawarehouse/dwh.py", line 1, in <module>
    from datawarehouse.data_utils import (
ModuleNotFoundError: No module named 'datawarehouse.data_utils'
[2026-08-10T17:10:13.806+0000] {processor.py:842} WARNING - No viable dags retrieved from /opt/airflow/dags/main.py
[2026-08-10T17:10:13.827+0000] {processor.py:183} INFO - Processing /opt/airflow/dags/main.py took 0.145 seconds
[2026-08-10T17:10:43.920+0000] {processor.py:161} INFO - Started process (PID=652) to work on /opt/airflow/dags/main.py
[2026-08-10T17:10:43.922+0000] {processor.py:830} INFO - Processing file /opt/airflow/dags/main.py for tasks to queue
[2026-08-10T17:10:43.924+0000] {logging_mixin.py:188} INFO - [2026-08-10T17:10:43.924+0000] {dagbag.py:545} INFO - Filling up the DagBag from /opt/airflow/dags/main.py
[2026-08-10T17:10:44.038+0000] {logging_mixin.py:188} INFO - [2026-08-10T17:10:44.025+0000] {dagbag.py:355} ERROR - Failed to import: /opt/airflow/dags/main.py
Traceback (most recent call last):
  File "/home/airflow/.local/lib/python3.10/site-packages/airflow/models/dagbag.py", line 351, in parse
    loader.exec_module(new_module)
  File "<frozen importlib._bootstrap_external>", line 883, in exec_module
  File "<frozen importlib._bootstrap>", line 241, in _call_with_frames_removed
  File "/opt/airflow/dags/main.py", line 13, in <module>
    from datawarehouse.dwh import staging_table, core_table
  File "/opt/airflow/dags/datawarehouse/dwh.py", line 1, in <module>
    from datawarehouse.data_utils import (
ModuleNotFoundError: No module named 'datawarehouse.data_utils'
[2026-08-10T17:10:44.043+0000] {processor.py:842} WARNING - No viable dags retrieved from /opt/airflow/dags/main.py
[2026-08-10T17:10:44.071+0000] {processor.py:183} INFO - Processing /opt/airflow/dags/main.py took 0.158 seconds
[2026-08-10T17:11:14.316+0000] {processor.py:161} INFO - Started process (PID=659) to work on /opt/airflow/dags/main.py
[2026-08-10T17:11:14.319+0000] {processor.py:830} INFO - Processing file /opt/airflow/dags/main.py for tasks to queue
[2026-08-10T17:11:14.325+0000] {logging_mixin.py:188} INFO - [2026-08-10T17:11:14.324+0000] {dagbag.py:545} INFO - Filling up the DagBag from /opt/airflow/dags/main.py
[2026-08-10T17:11:14.501+0000] {logging_mixin.py:188} INFO - [2026-08-10T17:11:14.483+0000] {dagbag.py:355} ERROR - Failed to import: /opt/airflow/dags/main.py
Traceback (most recent call last):
  File "/home/airflow/.local/lib/python3.10/site-packages/airflow/models/dagbag.py", line 351, in parse
    loader.exec_module(new_module)
  File "<frozen importlib._bootstrap_external>", line 883, in exec_module
  File "<frozen importlib._bootstrap>", line 241, in _call_with_frames_removed
  File "/opt/airflow/dags/main.py", line 13, in <module>
    from datawarehouse.dwh import staging_table, core_table
  File "/opt/airflow/dags/datawarehouse/dwh.py", line 1, in <module>
    from datawarehouse.data_utils import (
ModuleNotFoundError: No module named 'datawarehouse.data_utils'
[2026-08-10T17:11:14.507+0000] {processor.py:842} WARNING - No viable dags retrieved from /opt/airflow/dags/main.py
[2026-08-10T17:11:14.539+0000] {processor.py:183} INFO - Processing /opt/airflow/dags/main.py took 0.238 seconds
[2026-08-10T17:11:44.720+0000] {processor.py:161} INFO - Started process (PID=666) to work on /opt/airflow/dags/main.py
[2026-08-10T17:11:44.723+0000] {processor.py:830} INFO - Processing file /opt/airflow/dags/main.py for tasks to queue
[2026-08-10T17:11:44.728+0000] {logging_mixin.py:188} INFO - [2026-08-10T17:11:44.727+0000] {dagbag.py:545} INFO - Filling up the DagBag from /opt/airflow/dags/main.py
[2026-08-10T17:11:44.875+0000] {logging_mixin.py:188} INFO - [2026-08-10T17:11:44.861+0000] {dagbag.py:355} ERROR - Failed to import: /opt/airflow/dags/main.py
Traceback (most recent call last):
  File "/home/airflow/.local/lib/python3.10/site-packages/airflow/models/dagbag.py", line 351, in parse
    loader.exec_module(new_module)
  File "<frozen importlib._bootstrap_external>", line 883, in exec_module
  File "<frozen importlib._bootstrap>", line 241, in _call_with_frames_removed
  File "/opt/airflow/dags/main.py", line 13, in <module>
    from datawarehouse.dwh import staging_table, core_table
  File "/opt/airflow/dags/datawarehouse/dwh.py", line 1, in <module>
    from datawarehouse.data_utils import (
ModuleNotFoundError: No module named 'datawarehouse.data_utils'
[2026-08-10T17:11:44.879+0000] {processor.py:842} WARNING - No viable dags retrieved from /opt/airflow/dags/main.py
[2026-08-10T17:11:44.901+0000] {processor.py:183} INFO - Processing /opt/airflow/dags/main.py took 0.198 seconds
[2026-08-10T17:12:15.133+0000] {processor.py:161} INFO - Started process (PID=673) to work on /opt/airflow/dags/main.py
[2026-08-10T17:12:15.134+0000] {processor.py:830} INFO - Processing file /opt/airflow/dags/main.py for tasks to queue
[2026-08-10T17:12:15.138+0000] {logging_mixin.py:188} INFO - [2026-08-10T17:12:15.138+0000] {dagbag.py:545} INFO - Filling up the DagBag from /opt/airflow/dags/main.py
[2026-08-10T17:12:15.214+0000] {logging_mixin.py:188} INFO - [2026-08-10T17:12:15.205+0000] {dagbag.py:355} ERROR - Failed to import: /opt/airflow/dags/main.py
Traceback (most recent call last):
  File "/home/airflow/.local/lib/python3.10/site-packages/airflow/models/dagbag.py", line 351, in parse
    loader.exec_module(new_module)
  File "<frozen importlib._bootstrap_external>", line 883, in exec_module
  File "<frozen importlib._bootstrap>", line 241, in _call_with_frames_removed
  File "/opt/airflow/dags/main.py", line 13, in <module>
    from datawarehouse.dwh import staging_table, core_table
  File "/opt/airflow/dags/datawarehouse/dwh.py", line 1, in <module>
    from datawarehouse.data_utils import (
ModuleNotFoundError: No module named 'datawarehouse.data_utils'
[2026-08-10T17:12:15.217+0000] {processor.py:842} WARNING - No viable dags retrieved from /opt/airflow/dags/main.py
[2026-08-10T17:12:15.238+0000] {processor.py:183} INFO - Processing /opt/airflow/dags/main.py took 0.112 seconds
[2026-08-10T17:12:45.379+0000] {processor.py:161} INFO - Started process (PID=680) to work on /opt/airflow/dags/main.py
[2026-08-10T17:12:45.381+0000] {processor.py:830} INFO - Processing file /opt/airflow/dags/main.py for tasks to queue
[2026-08-10T17:12:45.384+0000] {logging_mixin.py:188} INFO - [2026-08-10T17:12:45.383+0000] {dagbag.py:545} INFO - Filling up the DagBag from /opt/airflow/dags/main.py
[2026-08-10T17:12:45.516+0000] {logging_mixin.py:188} INFO - [2026-08-10T17:12:45.501+0000] {dagbag.py:355} ERROR - Failed to import: /opt/airflow/dags/main.py
Traceback (most recent call last):
  File "/home/airflow/.local/lib/python3.10/site-packages/airflow/models/dagbag.py", line 351, in parse
    loader.exec_module(new_module)
  File "<frozen importlib._bootstrap_external>", line 883, in exec_module
  File "<frozen importlib._bootstrap>", line 241, in _call_with_frames_removed
  File "/opt/airflow/dags/main.py", line 13, in <module>
    from datawarehouse.dwh import staging_table, core_table
  File "/opt/airflow/dags/datawarehouse/dwh.py", line 1, in <module>
    from datawarehouse.data_utils import (
ModuleNotFoundError: No module named 'datawarehouse.data_utils'
[2026-08-10T17:12:45.521+0000] {processor.py:842} WARNING - No viable dags retrieved from /opt/airflow/dags/main.py
[2026-08-10T17:12:45.544+0000] {processor.py:183} INFO - Processing /opt/airflow/dags/main.py took 0.174 seconds
[2026-08-10T17:13:15.757+0000] {processor.py:161} INFO - Started process (PID=693) to work on /opt/airflow/dags/main.py
[2026-08-10T17:13:15.760+0000] {processor.py:830} INFO - Processing file /opt/airflow/dags/main.py for tasks to queue
[2026-08-10T17:13:15.765+0000] {logging_mixin.py:188} INFO - [2026-08-10T17:13:15.765+0000] {dagbag.py:545} INFO - Filling up the DagBag from /opt/airflow/dags/main.py
[2026-08-10T17:13:15.879+0000] {logging_mixin.py:188} INFO - [2026-08-10T17:13:15.868+0000] {dagbag.py:355} ERROR - Failed to import: /opt/airflow/dags/main.py
Traceback (most recent call last):
  File "/home/airflow/.local/lib/python3.10/site-packages/airflow/models/dagbag.py", line 351, in parse
    loader.exec_module(new_module)
  File "<frozen importlib._bootstrap_external>", line 883, in exec_module
  File "<frozen importlib._bootstrap>", line 241, in _call_with_frames_removed
  File "/opt/airflow/dags/main.py", line 13, in <module>
    from datawarehouse.dwh import staging_table, core_table
  File "/opt/airflow/dags/datawarehouse/dwh.py", line 1, in <module>
    from datawarehouse.data_utils import (
ModuleNotFoundError: No module named 'datawarehouse.data_utils'
[2026-08-10T17:13:15.882+0000] {processor.py:842} WARNING - No viable dags retrieved from /opt/airflow/dags/main.py
[2026-08-10T17:13:15.906+0000] {processor.py:183} INFO - Processing /opt/airflow/dags/main.py took 0.162 seconds
[2026-08-10T17:13:46.088+0000] {processor.py:161} INFO - Started process (PID=700) to work on /opt/airflow/dags/main.py
[2026-08-10T17:13:46.090+0000] {processor.py:830} INFO - Processing file /opt/airflow/dags/main.py for tasks to queue
[2026-08-10T17:13:46.094+0000] {logging_mixin.py:188} INFO - [2026-08-10T17:13:46.094+0000] {dagbag.py:545} INFO - Filling up the DagBag from /opt/airflow/dags/main.py
[2026-08-10T17:13:46.208+0000] {logging_mixin.py:188} INFO - [2026-08-10T17:13:46.195+0000] {dagbag.py:355} ERROR - Failed to import: /opt/airflow/dags/main.py
Traceback (most recent call last):
  File "/home/airflow/.local/lib/python3.10/site-packages/airflow/models/dagbag.py", line 351, in parse
    loader.exec_module(new_module)
  File "<frozen importlib._bootstrap_external>", line 883, in exec_module
  File "<frozen importlib._bootstrap>", line 241, in _call_with_frames_removed
  File "/opt/airflow/dags/main.py", line 13, in <module>
    from datawarehouse.dwh import staging_table, core_table
  File "/opt/airflow/dags/datawarehouse/dwh.py", line 1, in <module>
    from datawarehouse.data_utils import (
ModuleNotFoundError: No module named 'datawarehouse.data_utils'
[2026-08-10T17:13:46.213+0000] {processor.py:842} WARNING - No viable dags retrieved from /opt/airflow/dags/main.py
[2026-08-10T17:13:46.235+0000] {processor.py:183} INFO - Processing /opt/airflow/dags/main.py took 0.161 seconds
[2026-08-10T17:14:16.369+0000] {processor.py:161} INFO - Started process (PID=707) to work on /opt/airflow/dags/main.py
[2026-08-10T17:14:16.372+0000] {processor.py:830} INFO - Processing file /opt/airflow/dags/main.py for tasks to queue
[2026-08-10T17:14:16.376+0000] {logging_mixin.py:188} INFO - [2026-08-10T17:14:16.375+0000] {dagbag.py:545} INFO - Filling up the DagBag from /opt/airflow/dags/main.py
[2026-08-10T17:14:16.518+0000] {logging_mixin.py:188} INFO - [2026-08-10T17:14:16.504+0000] {dagbag.py:355} ERROR - Failed to import: /opt/airflow/dags/main.py
Traceback (most recent call last):
  File "/home/airflow/.local/lib/python3.10/site-packages/airflow/models/dagbag.py", line 351, in parse
    loader.exec_module(new_module)
  File "<frozen importlib._bootstrap_external>", line 883, in exec_module
  File "<frozen importlib._bootstrap>", line 241, in _call_with_frames_removed
  File "/opt/airflow/dags/main.py", line 13, in <module>
    from datawarehouse.dwh import staging_table, core_table
  File "/opt/airflow/dags/datawarehouse/dwh.py", line 1, in <module>
    from datawarehouse.data_utils import (
ModuleNotFoundError: No module named 'datawarehouse.data_utils'
[2026-08-10T17:14:16.522+0000] {processor.py:842} WARNING - No viable dags retrieved from /opt/airflow/dags/main.py
[2026-08-10T17:14:16.545+0000] {processor.py:183} INFO - Processing /opt/airflow/dags/main.py took 0.190 seconds
[2026-08-10T17:14:46.693+0000] {processor.py:161} INFO - Started process (PID=714) to work on /opt/airflow/dags/main.py
[2026-08-10T17:14:46.695+0000] {processor.py:830} INFO - Processing file /opt/airflow/dags/main.py for tasks to queue
[2026-08-10T17:14:46.700+0000] {logging_mixin.py:188} INFO - [2026-08-10T17:14:46.699+0000] {dagbag.py:545} INFO - Filling up the DagBag from /opt/airflow/dags/main.py
[2026-08-10T17:14:46.839+0000] {logging_mixin.py:188} INFO - [2026-08-10T17:14:46.821+0000] {dagbag.py:355} ERROR - Failed to import: /opt/airflow/dags/main.py
Traceback (most recent call last):
  File "/home/airflow/.local/lib/python3.10/site-packages/airflow/models/dagbag.py", line 351, in parse
    loader.exec_module(new_module)
  File "<frozen importlib._bootstrap_external>", line 883, in exec_module
  File "<frozen importlib._bootstrap>", line 241, in _call_with_frames_removed
  File "/opt/airflow/dags/main.py", line 13, in <module>
    from datawarehouse.dwh import staging_table, core_table
  File "/opt/airflow/dags/datawarehouse/dwh.py", line 1, in <module>
    from datawarehouse.data_utils import (
ModuleNotFoundError: No module named 'datawarehouse.data_utils'
[2026-08-10T17:14:46.845+0000] {processor.py:842} WARNING - No viable dags retrieved from /opt/airflow/dags/main.py
[2026-08-10T17:14:46.882+0000] {processor.py:183} INFO - Processing /opt/airflow/dags/main.py took 0.198 seconds
[2026-08-10T17:15:17.189+0000] {processor.py:161} INFO - Started process (PID=721) to work on /opt/airflow/dags/main.py
[2026-08-10T17:15:17.190+0000] {processor.py:830} INFO - Processing file /opt/airflow/dags/main.py for tasks to queue
[2026-08-10T17:15:17.193+0000] {logging_mixin.py:188} INFO - [2026-08-10T17:15:17.193+0000] {dagbag.py:545} INFO - Filling up the DagBag from /opt/airflow/dags/main.py
[2026-08-10T17:15:17.278+0000] {logging_mixin.py:188} INFO - [2026-08-10T17:15:17.271+0000] {dagbag.py:355} ERROR - Failed to import: /opt/airflow/dags/main.py
Traceback (most recent call last):
  File "/home/airflow/.local/lib/python3.10/site-packages/airflow/models/dagbag.py", line 351, in parse
    loader.exec_module(new_module)
  File "<frozen importlib._bootstrap_external>", line 883, in exec_module
  File "<frozen importlib._bootstrap>", line 241, in _call_with_frames_removed
  File "/opt/airflow/dags/main.py", line 13, in <module>
    from datawarehouse.dwh import staging_table, core_table
  File "/opt/airflow/dags/datawarehouse/dwh.py", line 1, in <module>
    from datawarehouse.data_utils import (
ModuleNotFoundError: No module named 'datawarehouse.data_utils'
[2026-08-10T17:15:17.282+0000] {processor.py:842} WARNING - No viable dags retrieved from /opt/airflow/dags/main.py
[2026-08-10T17:15:17.304+0000] {processor.py:183} INFO - Processing /opt/airflow/dags/main.py took 0.123 seconds
[2026-08-10T17:15:47.504+0000] {processor.py:161} INFO - Started process (PID=728) to work on /opt/airflow/dags/main.py
[2026-08-10T17:15:47.505+0000] {processor.py:830} INFO - Processing file /opt/airflow/dags/main.py for tasks to queue
[2026-08-10T17:15:47.508+0000] {logging_mixin.py:188} INFO - [2026-08-10T17:15:47.507+0000] {dagbag.py:545} INFO - Filling up the DagBag from /opt/airflow/dags/main.py
[2026-08-10T17:15:47.602+0000] {logging_mixin.py:188} INFO - [2026-08-10T17:15:47.592+0000] {dagbag.py:355} ERROR - Failed to import: /opt/airflow/dags/main.py
Traceback (most recent call last):
  File "/home/airflow/.local/lib/python3.10/site-packages/airflow/models/dagbag.py", line 351, in parse
    loader.exec_module(new_module)
  File "<frozen importlib._bootstrap_external>", line 883, in exec_module
  File "<frozen importlib._bootstrap>", line 241, in _call_with_frames_removed
  File "/opt/airflow/dags/main.py", line 13, in <module>
    from datawarehouse.dwh import staging_table, core_table
  File "/opt/airflow/dags/datawarehouse/dwh.py", line 1, in <module>
    from datawarehouse.data_utils import (
ModuleNotFoundError: No module named 'datawarehouse.data_utils'
[2026-08-10T17:15:47.605+0000] {processor.py:842} WARNING - No viable dags retrieved from /opt/airflow/dags/main.py
[2026-08-10T17:15:47.627+0000] {processor.py:183} INFO - Processing /opt/airflow/dags/main.py took 0.137 seconds
[2026-08-10T17:16:17.812+0000] {processor.py:161} INFO - Started process (PID=735) to work on /opt/airflow/dags/main.py
[2026-08-10T17:16:17.814+0000] {processor.py:830} INFO - Processing file /opt/airflow/dags/main.py for tasks to queue
[2026-08-10T17:16:17.818+0000] {logging_mixin.py:188} INFO - [2026-08-10T17:16:17.818+0000] {dagbag.py:545} INFO - Filling up the DagBag from /opt/airflow/dags/main.py
[2026-08-10T17:16:17.931+0000] {logging_mixin.py:188} INFO - [2026-08-10T17:16:17.922+0000] {dagbag.py:355} ERROR - Failed to import: /opt/airflow/dags/main.py
Traceback (most recent call last):
  File "/home/airflow/.local/lib/python3.10/site-packages/airflow/models/dagbag.py", line 351, in parse
    loader.exec_module(new_module)
  File "<frozen importlib._bootstrap_external>", line 883, in exec_module
  File "<frozen importlib._bootstrap>", line 241, in _call_with_frames_removed
  File "/opt/airflow/dags/main.py", line 13, in <module>
    from datawarehouse.dwh import staging_table, core_table
  File "/opt/airflow/dags/datawarehouse/dwh.py", line 1, in <module>
    from datawarehouse.data_utils import (
ModuleNotFoundError: No module named 'datawarehouse.data_utils'
[2026-08-10T17:16:17.934+0000] {processor.py:842} WARNING - No viable dags retrieved from /opt/airflow/dags/main.py
[2026-08-10T17:16:17.958+0000] {processor.py:183} INFO - Processing /opt/airflow/dags/main.py took 0.156 seconds
[2026-08-10T17:16:48.180+0000] {processor.py:161} INFO - Started process (PID=742) to work on /opt/airflow/dags/main.py
[2026-08-10T17:16:48.183+0000] {processor.py:830} INFO - Processing file /opt/airflow/dags/main.py for tasks to queue
[2026-08-10T17:16:48.186+0000] {logging_mixin.py:188} INFO - [2026-08-10T17:16:48.186+0000] {dagbag.py:545} INFO - Filling up the DagBag from /opt/airflow/dags/main.py
[2026-08-10T17:16:48.323+0000] {logging_mixin.py:188} INFO - [2026-08-10T17:16:48.311+0000] {dagbag.py:355} ERROR - Failed to import: /opt/airflow/dags/main.py
Traceback (most recent call last):
  File "/home/airflow/.local/lib/python3.10/site-packages/airflow/models/dagbag.py", line 351, in parse
    loader.exec_module(new_module)
  File "<frozen importlib._bootstrap_external>", line 883, in exec_module
  File "<frozen importlib._bootstrap>", line 241, in _call_with_frames_removed
  File "/opt/airflow/dags/main.py", line 13, in <module>
    from datawarehouse.dwh import staging_table, core_table
  File "/opt/airflow/dags/datawarehouse/dwh.py", line 1, in <module>
    from datawarehouse.data_utils import (
ModuleNotFoundError: No module named 'datawarehouse.data_utils'
[2026-08-10T17:16:48.327+0000] {processor.py:842} WARNING - No viable dags retrieved from /opt/airflow/dags/main.py
[2026-08-10T17:16:48.351+0000] {processor.py:183} INFO - Processing /opt/airflow/dags/main.py took 0.186 seconds
[2026-08-10T17:17:18.548+0000] {processor.py:161} INFO - Started process (PID=749) to work on /opt/airflow/dags/main.py
[2026-08-10T17:17:18.550+0000] {processor.py:830} INFO - Processing file /opt/airflow/dags/main.py for tasks to queue
[2026-08-10T17:17:18.552+0000] {logging_mixin.py:188} INFO - [2026-08-10T17:17:18.552+0000] {dagbag.py:545} INFO - Filling up the DagBag from /opt/airflow/dags/main.py
[2026-08-10T17:17:18.640+0000] {logging_mixin.py:188} INFO - [2026-08-10T17:17:18.632+0000] {dagbag.py:355} ERROR - Failed to import: /opt/airflow/dags/main.py
Traceback (most recent call last):
  File "/home/airflow/.local/lib/python3.10/site-packages/airflow/models/dagbag.py", line 351, in parse
    loader.exec_module(new_module)
  File "<frozen importlib._bootstrap_external>", line 883, in exec_module
  File "<frozen importlib._bootstrap>", line 241, in _call_with_frames_removed
  File "/opt/airflow/dags/main.py", line 13, in <module>
    from datawarehouse.dwh import staging_table, core_table
  File "/opt/airflow/dags/datawarehouse/dwh.py", line 1, in <module>
    from datawarehouse.data_utils import (
ModuleNotFoundError: No module named 'datawarehouse.data_utils'
[2026-08-10T17:17:18.644+0000] {processor.py:842} WARNING - No viable dags retrieved from /opt/airflow/dags/main.py
[2026-08-10T17:17:18.666+0000] {processor.py:183} INFO - Processing /opt/airflow/dags/main.py took 0.125 seconds
[2026-08-10T17:17:48.838+0000] {processor.py:161} INFO - Started process (PID=756) to work on /opt/airflow/dags/main.py
[2026-08-10T17:17:48.841+0000] {processor.py:830} INFO - Processing file /opt/airflow/dags/main.py for tasks to queue
[2026-08-10T17:17:48.847+0000] {logging_mixin.py:188} INFO - [2026-08-10T17:17:48.846+0000] {dagbag.py:545} INFO - Filling up the DagBag from /opt/airflow/dags/main.py
[2026-08-10T17:17:48.940+0000] {logging_mixin.py:188} INFO - [2026-08-10T17:17:48.933+0000] {dagbag.py:355} ERROR - Failed to import: /opt/airflow/dags/main.py
Traceback (most recent call last):
  File "/home/airflow/.local/lib/python3.10/site-packages/airflow/models/dagbag.py", line 351, in parse
    loader.exec_module(new_module)
  File "<frozen importlib._bootstrap_external>", line 883, in exec_module
  File "<frozen importlib._bootstrap>", line 241, in _call_with_frames_removed
  File "/opt/airflow/dags/main.py", line 13, in <module>
    from datawarehouse.dwh import staging_table, core_table
  File "/opt/airflow/dags/datawarehouse/dwh.py", line 1, in <module>
    from datawarehouse.data_utils import (
ModuleNotFoundError: No module named 'datawarehouse.data_utils'
[2026-08-10T17:17:48.942+0000] {processor.py:842} WARNING - No viable dags retrieved from /opt/airflow/dags/main.py
[2026-08-10T17:17:48.961+0000] {processor.py:183} INFO - Processing /opt/airflow/dags/main.py took 0.139 seconds
[2026-08-10T17:18:19.045+0000] {processor.py:161} INFO - Started process (PID=763) to work on /opt/airflow/dags/main.py
[2026-08-10T17:18:19.047+0000] {processor.py:830} INFO - Processing file /opt/airflow/dags/main.py for tasks to queue
[2026-08-10T17:18:19.050+0000] {logging_mixin.py:188} INFO - [2026-08-10T17:18:19.049+0000] {dagbag.py:545} INFO - Filling up the DagBag from /opt/airflow/dags/main.py
[2026-08-10T17:18:19.169+0000] {logging_mixin.py:188} INFO - [2026-08-10T17:18:19.152+0000] {dagbag.py:355} ERROR - Failed to import: /opt/airflow/dags/main.py
Traceback (most recent call last):
  File "/home/airflow/.local/lib/python3.10/site-packages/airflow/models/dagbag.py", line 351, in parse
    loader.exec_module(new_module)
  File "<frozen importlib._bootstrap_external>", line 883, in exec_module
  File "<frozen importlib._bootstrap>", line 241, in _call_with_frames_removed
  File "/opt/airflow/dags/main.py", line 13, in <module>
    from datawarehouse.dwh import staging_table, core_table
  File "/opt/airflow/dags/datawarehouse/dwh.py", line 1, in <module>
    from datawarehouse.data_utils import (
ModuleNotFoundError: No module named 'datawarehouse.data_utils'
[2026-08-10T17:18:19.175+0000] {processor.py:842} WARNING - No viable dags retrieved from /opt/airflow/dags/main.py
[2026-08-10T17:18:19.205+0000] {processor.py:183} INFO - Processing /opt/airflow/dags/main.py took 0.168 seconds
[2026-08-10T17:18:49.383+0000] {processor.py:161} INFO - Started process (PID=770) to work on /opt/airflow/dags/main.py
[2026-08-10T17:18:49.385+0000] {processor.py:830} INFO - Processing file /opt/airflow/dags/main.py for tasks to queue
[2026-08-10T17:18:49.389+0000] {logging_mixin.py:188} INFO - [2026-08-10T17:18:49.389+0000] {dagbag.py:545} INFO - Filling up the DagBag from /opt/airflow/dags/main.py
[2026-08-10T17:18:49.492+0000] {logging_mixin.py:188} INFO - [2026-08-10T17:18:49.483+0000] {dagbag.py:355} ERROR - Failed to import: /opt/airflow/dags/main.py
Traceback (most recent call last):
  File "/home/airflow/.local/lib/python3.10/site-packages/airflow/models/dagbag.py", line 351, in parse
    loader.exec_module(new_module)
  File "<frozen importlib._bootstrap_external>", line 883, in exec_module
  File "<frozen importlib._bootstrap>", line 241, in _call_with_frames_removed
  File "/opt/airflow/dags/main.py", line 13, in <module>
    from datawarehouse.dwh import staging_table, core_table
  File "/opt/airflow/dags/datawarehouse/dwh.py", line 1, in <module>
    from datawarehouse.data_utils import (
ModuleNotFoundError: No module named 'datawarehouse.data_utils'
[2026-08-10T17:18:49.495+0000] {processor.py:842} WARNING - No viable dags retrieved from /opt/airflow/dags/main.py
[2026-08-10T17:18:49.518+0000] {processor.py:183} INFO - Processing /opt/airflow/dags/main.py took 0.143 seconds
[2026-08-10T17:19:19.710+0000] {processor.py:161} INFO - Started process (PID=777) to work on /opt/airflow/dags/main.py
[2026-08-10T17:19:19.712+0000] {processor.py:830} INFO - Processing file /opt/airflow/dags/main.py for tasks to queue
[2026-08-10T17:19:19.715+0000] {logging_mixin.py:188} INFO - [2026-08-10T17:19:19.714+0000] {dagbag.py:545} INFO - Filling up the DagBag from /opt/airflow/dags/main.py
[2026-08-10T17:19:19.836+0000] {logging_mixin.py:188} INFO - [2026-08-10T17:19:19.825+0000] {dagbag.py:355} ERROR - Failed to import: /opt/airflow/dags/main.py
Traceback (most recent call last):
  File "/home/airflow/.local/lib/python3.10/site-packages/airflow/models/dagbag.py", line 351, in parse
    loader.exec_module(new_module)
  File "<frozen importlib._bootstrap_external>", line 883, in exec_module
  File "<frozen importlib._bootstrap>", line 241, in _call_with_frames_removed
  File "/opt/airflow/dags/main.py", line 13, in <module>
    from datawarehouse.dwh import staging_table, core_table
  File "/opt/airflow/dags/datawarehouse/dwh.py", line 1, in <module>
    from datawarehouse.data_utils import (
ModuleNotFoundError: No module named 'datawarehouse.data_utils'
[2026-08-10T17:19:19.839+0000] {processor.py:842} WARNING - No viable dags retrieved from /opt/airflow/dags/main.py
[2026-08-10T17:19:19.864+0000] {processor.py:183} INFO - Processing /opt/airflow/dags/main.py took 0.164 seconds
[2026-08-10T17:19:50.894+0000] {processor.py:161} INFO - Started process (PID=784) to work on /opt/airflow/dags/main.py
[2026-08-10T17:19:50.896+0000] {processor.py:830} INFO - Processing file /opt/airflow/dags/main.py for tasks to queue
[2026-08-10T17:19:50.900+0000] {logging_mixin.py:188} INFO - [2026-08-10T17:19:50.900+0000] {dagbag.py:545} INFO - Filling up the DagBag from /opt/airflow/dags/main.py
[2026-08-10T17:19:51.067+0000] {logging_mixin.py:188} INFO - [2026-08-10T17:19:51.050+0000] {dagbag.py:355} ERROR - Failed to import: /opt/airflow/dags/main.py
Traceback (most recent call last):
  File "/home/airflow/.local/lib/python3.10/site-packages/airflow/models/dagbag.py", line 351, in parse
    loader.exec_module(new_module)
  File "<frozen importlib._bootstrap_external>", line 883, in exec_module
  File "<frozen importlib._bootstrap>", line 241, in _call_with_frames_removed
  File "/opt/airflow/dags/main.py", line 13, in <module>
    from datawarehouse.dwh import staging_table, core_table
  File "/opt/airflow/dags/datawarehouse/dwh.py", line 1, in <module>
    from datawarehouse.data_utils import (
ModuleNotFoundError: No module named 'datawarehouse.data_utils'
[2026-08-10T17:19:51.075+0000] {processor.py:842} WARNING - No viable dags retrieved from /opt/airflow/dags/main.py
[2026-08-10T17:19:51.105+0000] {processor.py:183} INFO - Processing /opt/airflow/dags/main.py took 0.230 seconds
[2026-08-10T17:20:21.313+0000] {processor.py:161} INFO - Started process (PID=791) to work on /opt/airflow/dags/main.py
[2026-08-10T17:20:21.315+0000] {processor.py:830} INFO - Processing file /opt/airflow/dags/main.py for tasks to queue
[2026-08-10T17:20:21.319+0000] {logging_mixin.py:188} INFO - [2026-08-10T17:20:21.318+0000] {dagbag.py:545} INFO - Filling up the DagBag from /opt/airflow/dags/main.py
[2026-08-10T17:20:21.438+0000] {logging_mixin.py:188} INFO - [2026-08-10T17:20:21.420+0000] {dagbag.py:355} ERROR - Failed to import: /opt/airflow/dags/main.py
Traceback (most recent call last):
  File "/home/airflow/.local/lib/python3.10/site-packages/airflow/models/dagbag.py", line 351, in parse
    loader.exec_module(new_module)
  File "<frozen importlib._bootstrap_external>", line 883, in exec_module
  File "<frozen importlib._bootstrap>", line 241, in _call_with_frames_removed
  File "/opt/airflow/dags/main.py", line 13, in <module>
    from datawarehouse.dwh import staging_table, core_table
  File "/opt/airflow/dags/datawarehouse/dwh.py", line 1, in <module>
    from datawarehouse.data_utils import (
ModuleNotFoundError: No module named 'datawarehouse.data_utils'
[2026-08-10T17:20:21.444+0000] {processor.py:842} WARNING - No viable dags retrieved from /opt/airflow/dags/main.py
[2026-08-10T17:20:21.481+0000] {processor.py:183} INFO - Processing /opt/airflow/dags/main.py took 0.176 seconds
[2026-08-10T17:20:51.679+0000] {processor.py:161} INFO - Started process (PID=798) to work on /opt/airflow/dags/main.py
[2026-08-10T17:20:51.681+0000] {processor.py:830} INFO - Processing file /opt/airflow/dags/main.py for tasks to queue
[2026-08-10T17:20:51.684+0000] {logging_mixin.py:188} INFO - [2026-08-10T17:20:51.683+0000] {dagbag.py:545} INFO - Filling up the DagBag from /opt/airflow/dags/main.py
[2026-08-10T17:20:51.767+0000] {logging_mixin.py:188} INFO - [2026-08-10T17:20:51.757+0000] {dagbag.py:355} ERROR - Failed to import: /opt/airflow/dags/main.py
Traceback (most recent call last):
  File "/home/airflow/.local/lib/python3.10/site-packages/airflow/models/dagbag.py", line 351, in parse
    loader.exec_module(new_module)
  File "<frozen importlib._bootstrap_external>", line 883, in exec_module
  File "<frozen importlib._bootstrap>", line 241, in _call_with_frames_removed
  File "/opt/airflow/dags/main.py", line 13, in <module>
    from datawarehouse.dwh import staging_table, core_table
  File "/opt/airflow/dags/datawarehouse/dwh.py", line 1, in <module>
    from datawarehouse.data_utils import (
ModuleNotFoundError: No module named 'datawarehouse.data_utils'
[2026-08-10T17:20:51.770+0000] {processor.py:842} WARNING - No viable dags retrieved from /opt/airflow/dags/main.py
[2026-08-10T17:20:51.800+0000] {processor.py:183} INFO - Processing /opt/airflow/dags/main.py took 0.129 seconds
[2026-08-10T17:21:22.034+0000] {processor.py:161} INFO - Started process (PID=805) to work on /opt/airflow/dags/main.py
[2026-08-10T17:21:22.037+0000] {processor.py:830} INFO - Processing file /opt/airflow/dags/main.py for tasks to queue
[2026-08-10T17:21:22.050+0000] {logging_mixin.py:188} INFO - [2026-08-10T17:21:22.049+0000] {dagbag.py:545} INFO - Filling up the DagBag from /opt/airflow/dags/main.py
[2026-08-10T17:21:22.236+0000] {logging_mixin.py:188} INFO - [2026-08-10T17:21:22.216+0000] {dagbag.py:355} ERROR - Failed to import: /opt/airflow/dags/main.py
Traceback (most recent call last):
  File "/home/airflow/.local/lib/python3.10/site-packages/airflow/models/dagbag.py", line 351, in parse
    loader.exec_module(new_module)
  File "<frozen importlib._bootstrap_external>", line 883, in exec_module
  File "<frozen importlib._bootstrap>", line 241, in _call_with_frames_removed
  File "/opt/airflow/dags/main.py", line 13, in <module>
    from datawarehouse.dwh import staging_table, core_table
  File "/opt/airflow/dags/datawarehouse/dwh.py", line 1, in <module>
    from datawarehouse.data_utils import (
ModuleNotFoundError: No module named 'datawarehouse.data_utils'
[2026-08-10T17:21:22.242+0000] {processor.py:842} WARNING - No viable dags retrieved from /opt/airflow/dags/main.py
[2026-08-10T17:21:22.278+0000] {processor.py:183} INFO - Processing /opt/airflow/dags/main.py took 0.266 seconds
[2026-08-10T17:21:52.463+0000] {processor.py:161} INFO - Started process (PID=812) to work on /opt/airflow/dags/main.py
[2026-08-10T17:21:52.466+0000] {processor.py:830} INFO - Processing file /opt/airflow/dags/main.py for tasks to queue
[2026-08-10T17:21:52.469+0000] {logging_mixin.py:188} INFO - [2026-08-10T17:21:52.468+0000] {dagbag.py:545} INFO - Filling up the DagBag from /opt/airflow/dags/main.py
[2026-08-10T17:21:52.581+0000] {logging_mixin.py:188} INFO - [2026-08-10T17:21:52.570+0000] {dagbag.py:355} ERROR - Failed to import: /opt/airflow/dags/main.py
Traceback (most recent call last):
  File "/home/airflow/.local/lib/python3.10/site-packages/airflow/models/dagbag.py", line 351, in parse
    loader.exec_module(new_module)
  File "<frozen importlib._bootstrap_external>", line 883, in exec_module
  File "<frozen importlib._bootstrap>", line 241, in _call_with_frames_removed
  File "/opt/airflow/dags/main.py", line 13, in <module>
    from datawarehouse.dwh import staging_table, core_table
  File "/opt/airflow/dags/datawarehouse/dwh.py", line 1, in <module>
    from datawarehouse.data_utils import (
ModuleNotFoundError: No module named 'datawarehouse.data_utils'
[2026-08-10T17:21:52.586+0000] {processor.py:842} WARNING - No viable dags retrieved from /opt/airflow/dags/main.py
[2026-08-10T17:21:52.619+0000] {processor.py:183} INFO - Processing /opt/airflow/dags/main.py took 0.163 seconds
[2026-08-10T17:22:22.815+0000] {processor.py:161} INFO - Started process (PID=819) to work on /opt/airflow/dags/main.py
[2026-08-10T17:22:22.818+0000] {processor.py:830} INFO - Processing file /opt/airflow/dags/main.py for tasks to queue
[2026-08-10T17:22:22.824+0000] {logging_mixin.py:188} INFO - [2026-08-10T17:22:22.823+0000] {dagbag.py:545} INFO - Filling up the DagBag from /opt/airflow/dags/main.py
[2026-08-10T17:22:23.011+0000] {logging_mixin.py:188} INFO - [2026-08-10T17:22:22.991+0000] {dagbag.py:355} ERROR - Failed to import: /opt/airflow/dags/main.py
Traceback (most recent call last):
  File "/home/airflow/.local/lib/python3.10/site-packages/airflow/models/dagbag.py", line 351, in parse
    loader.exec_module(new_module)
  File "<frozen importlib._bootstrap_external>", line 883, in exec_module
  File "<frozen importlib._bootstrap>", line 241, in _call_with_frames_removed
  File "/opt/airflow/dags/main.py", line 13, in <module>
    from datawarehouse.dwh import staging_table, core_table
  File "/opt/airflow/dags/datawarehouse/dwh.py", line 1, in <module>
    from datawarehouse.data_utils import (
ModuleNotFoundError: No module named 'datawarehouse.data_utils'
[2026-08-10T17:22:23.017+0000] {processor.py:842} WARNING - No viable dags retrieved from /opt/airflow/dags/main.py
[2026-08-10T17:22:23.086+0000] {processor.py:183} INFO - Processing /opt/airflow/dags/main.py took 0.288 seconds
[2026-08-10T17:22:53.327+0000] {processor.py:161} INFO - Started process (PID=826) to work on /opt/airflow/dags/main.py
[2026-08-10T17:22:53.329+0000] {processor.py:830} INFO - Processing file /opt/airflow/dags/main.py for tasks to queue
[2026-08-10T17:22:53.331+0000] {logging_mixin.py:188} INFO - [2026-08-10T17:22:53.331+0000] {dagbag.py:545} INFO - Filling up the DagBag from /opt/airflow/dags/main.py
[2026-08-10T17:22:53.558+0000] {logging_mixin.py:188} INFO - [2026-08-10T17:22:53.549+0000] {dagbag.py:355} ERROR - Failed to import: /opt/airflow/dags/main.py
Traceback (most recent call last):
  File "/home/airflow/.local/lib/python3.10/site-packages/airflow/models/dagbag.py", line 351, in parse
    loader.exec_module(new_module)
  File "<frozen importlib._bootstrap_external>", line 883, in exec_module
  File "<frozen importlib._bootstrap>", line 241, in _call_with_frames_removed
  File "/opt/airflow/dags/main.py", line 13, in <module>
    from datawarehouse.dwh import staging_table, core_table
  File "/opt/airflow/dags/datawarehouse/dwh.py", line 8, in <module>
    from datawarehouse.data_loading import load_data
ModuleNotFoundError: No module named 'datawarehouse.data_loading'
[2026-08-10T17:22:53.561+0000] {processor.py:842} WARNING - No viable dags retrieved from /opt/airflow/dags/main.py
[2026-08-10T17:22:53.583+0000] {processor.py:183} INFO - Processing /opt/airflow/dags/main.py took 0.272 seconds
[2026-08-10T17:23:23.781+0000] {processor.py:161} INFO - Started process (PID=839) to work on /opt/airflow/dags/main.py
[2026-08-10T17:23:23.783+0000] {processor.py:830} INFO - Processing file /opt/airflow/dags/main.py for tasks to queue
[2026-08-10T17:23:23.786+0000] {logging_mixin.py:188} INFO - [2026-08-10T17:23:23.785+0000] {dagbag.py:545} INFO - Filling up the DagBag from /opt/airflow/dags/main.py
[2026-08-10T17:23:24.087+0000] {processor.py:840} INFO - DAG(s) 'data_quality', 'produce_json', 'update_db' retrieved from /opt/airflow/dags/main.py
[2026-08-10T17:23:24.444+0000] {logging_mixin.py:188} INFO - [2026-08-10T17:23:24.442+0000] {override.py:1829} INFO - Created Permission View: can read on DAG:data_quality
[2026-08-10T17:23:24.458+0000] {logging_mixin.py:188} INFO - [2026-08-10T17:23:24.457+0000] {override.py:1829} INFO - Created Permission View: can delete on DAG:data_quality
[2026-08-10T17:23:24.466+0000] {logging_mixin.py:188} INFO - [2026-08-10T17:23:24.466+0000] {override.py:1829} INFO - Created Permission View: can edit on DAG:data_quality
[2026-08-10T17:23:24.486+0000] {logging_mixin.py:188} INFO - [2026-08-10T17:23:24.486+0000] {override.py:1829} INFO - Created Permission View: can read on DAG:produce_json
[2026-08-10T17:23:24.495+0000] {logging_mixin.py:188} INFO - [2026-08-10T17:23:24.495+0000] {override.py:1829} INFO - Created Permission View: can delete on DAG:produce_json
[2026-08-10T17:23:24.503+0000] {logging_mixin.py:188} INFO - [2026-08-10T17:23:24.503+0000] {override.py:1829} INFO - Created Permission View: can edit on DAG:produce_json
[2026-08-10T17:23:24.521+0000] {logging_mixin.py:188} INFO - [2026-08-10T17:23:24.520+0000] {override.py:1829} INFO - Created Permission View: can read on DAG:update_db
[2026-08-10T17:23:24.529+0000] {logging_mixin.py:188} INFO - [2026-08-10T17:23:24.529+0000] {override.py:1829} INFO - Created Permission View: can delete on DAG:update_db
[2026-08-10T17:23:24.537+0000] {logging_mixin.py:188} INFO - [2026-08-10T17:23:24.537+0000] {override.py:1829} INFO - Created Permission View: can edit on DAG:update_db
[2026-08-10T17:23:24.539+0000] {logging_mixin.py:188} INFO - [2026-08-10T17:23:24.538+0000] {dag.py:3096} INFO - Sync 3 DAGs
[2026-08-10T17:23:24.564+0000] {logging_mixin.py:188} INFO - [2026-08-10T17:23:24.563+0000] {dag.py:3118} INFO - Creating ORM DAG for data_quality
[2026-08-10T17:23:24.565+0000] {logging_mixin.py:188} INFO - [2026-08-10T17:23:24.565+0000] {dag.py:3118} INFO - Creating ORM DAG for update_db
[2026-08-10T17:23:24.566+0000] {logging_mixin.py:188} INFO - [2026-08-10T17:23:24.566+0000] {dag.py:3118} INFO - Creating ORM DAG for produce_json
[2026-08-10T17:23:24.585+0000] {logging_mixin.py:188} INFO - [2026-08-10T17:23:24.584+0000] {dag.py:3954} INFO - Setting next_dagrun for data_quality to None, run_after=None
[2026-08-10T17:23:24.589+0000] {logging_mixin.py:188} INFO - [2026-08-10T17:23:24.589+0000] {dag.py:3954} INFO - Setting next_dagrun for produce_json to 2026-08-09 12:00:00+00:00, run_after=2026-08-10 12:00:00+00:00
[2026-08-10T17:23:24.590+0000] {logging_mixin.py:188} INFO - [2026-08-10T17:23:24.590+0000] {dag.py:3954} INFO - Setting next_dagrun for update_db to None, run_after=None
[2026-08-10T17:23:24.621+0000] {processor.py:183} INFO - Processing /opt/airflow/dags/main.py took 0.851 seconds
[2026-08-10T17:23:54.839+0000] {processor.py:161} INFO - Started process (PID=846) to work on /opt/airflow/dags/main.py
[2026-08-10T17:23:54.841+0000] {processor.py:830} INFO - Processing file /opt/airflow/dags/main.py for tasks to queue
[2026-08-10T17:23:54.843+0000] {logging_mixin.py:188} INFO - [2026-08-10T17:23:54.843+0000] {dagbag.py:545} INFO - Filling up the DagBag from /opt/airflow/dags/main.py
[2026-08-10T17:23:55.072+0000] {processor.py:840} INFO - DAG(s) 'data_quality', 'produce_json', 'update_db' retrieved from /opt/airflow/dags/main.py
[2026-08-10T17:23:55.152+0000] {logging_mixin.py:188} INFO - [2026-08-10T17:23:55.151+0000] {dag.py:3096} INFO - Sync 3 DAGs
[2026-08-10T17:23:55.212+0000] {logging_mixin.py:188} INFO - [2026-08-10T17:23:55.211+0000] {dag.py:3954} INFO - Setting next_dagrun for data_quality to None, run_after=None
[2026-08-10T17:23:55.229+0000] {logging_mixin.py:188} INFO - [2026-08-10T17:23:55.228+0000] {dag.py:3954} INFO - Setting next_dagrun for produce_json to 2026-08-09 12:00:00+00:00, run_after=2026-08-10 12:00:00+00:00
[2026-08-10T17:23:55.234+0000] {logging_mixin.py:188} INFO - [2026-08-10T17:23:55.234+0000] {dag.py:3954} INFO - Setting next_dagrun for update_db to None, run_after=None
[2026-08-10T17:23:55.283+0000] {processor.py:183} INFO - Processing /opt/airflow/dags/main.py took 0.454 seconds
[2026-08-10T17:24:25.540+0000] {processor.py:161} INFO - Started process (PID=853) to work on /opt/airflow/dags/main.py
[2026-08-10T17:24:25.551+0000] {processor.py:830} INFO - Processing file /opt/airflow/dags/main.py for tasks to queue
[2026-08-10T17:24:25.562+0000] {logging_mixin.py:188} INFO - [2026-08-10T17:24:25.562+0000] {dagbag.py:545} INFO - Filling up the DagBag from /opt/airflow/dags/main.py
[2026-08-10T17:24:25.831+0000] {processor.py:840} INFO - DAG(s) 'data_quality', 'produce_json', 'update_db' retrieved from /opt/airflow/dags/main.py
[2026-08-10T17:24:25.869+0000] {logging_mixin.py:188} INFO - [2026-08-10T17:24:25.869+0000] {dag.py:3096} INFO - Sync 3 DAGs
[2026-08-10T17:24:25.903+0000] {logging_mixin.py:188} INFO - [2026-08-10T17:24:25.902+0000] {dag.py:3954} INFO - Setting next_dagrun for data_quality to None, run_after=None
[2026-08-10T17:24:25.917+0000] {logging_mixin.py:188} INFO - [2026-08-10T17:24:25.917+0000] {dag.py:3954} INFO - Setting next_dagrun for produce_json to 2026-08-09 12:00:00+00:00, run_after=2026-08-10 12:00:00+00:00
[2026-08-10T17:24:25.921+0000] {logging_mixin.py:188} INFO - [2026-08-10T17:24:25.921+0000] {dag.py:3954} INFO - Setting next_dagrun for update_db to None, run_after=None
[2026-08-10T17:24:25.960+0000] {processor.py:183} INFO - Processing /opt/airflow/dags/main.py took 0.462 seconds
[2026-08-10T17:24:56.581+0000] {processor.py:161} INFO - Started process (PID=860) to work on /opt/airflow/dags/main.py
[2026-08-10T17:24:56.584+0000] {processor.py:830} INFO - Processing file /opt/airflow/dags/main.py for tasks to queue
[2026-08-10T17:24:56.589+0000] {logging_mixin.py:188} INFO - [2026-08-10T17:24:56.588+0000] {dagbag.py:545} INFO - Filling up the DagBag from /opt/airflow/dags/main.py
[2026-08-10T17:24:56.777+0000] {processor.py:840} INFO - DAG(s) 'produce_json', 'update_db', 'data_quality' retrieved from /opt/airflow/dags/main.py
[2026-08-10T17:24:56.814+0000] {logging_mixin.py:188} INFO - [2026-08-10T17:24:56.814+0000] {dag.py:3096} INFO - Sync 3 DAGs
[2026-08-10T17:24:56.842+0000] {logging_mixin.py:188} INFO - [2026-08-10T17:24:56.841+0000] {dag.py:3954} INFO - Setting next_dagrun for data_quality to None, run_after=None
[2026-08-10T17:24:56.851+0000] {logging_mixin.py:188} INFO - [2026-08-10T17:24:56.850+0000] {dag.py:3954} INFO - Setting next_dagrun for produce_json to 2026-08-09 12:00:00+00:00, run_after=2026-08-10 12:00:00+00:00
[2026-08-10T17:24:56.853+0000] {logging_mixin.py:188} INFO - [2026-08-10T17:24:56.853+0000] {dag.py:3954} INFO - Setting next_dagrun for update_db to None, run_after=None
[2026-08-10T17:24:56.872+0000] {processor.py:183} INFO - Processing /opt/airflow/dags/main.py took 0.304 seconds
[2026-08-10T17:25:27.080+0000] {processor.py:161} INFO - Started process (PID=867) to work on /opt/airflow/dags/main.py
[2026-08-10T17:25:27.082+0000] {processor.py:830} INFO - Processing file /opt/airflow/dags/main.py for tasks to queue
[2026-08-10T17:25:27.085+0000] {logging_mixin.py:188} INFO - [2026-08-10T17:25:27.085+0000] {dagbag.py:545} INFO - Filling up the DagBag from /opt/airflow/dags/main.py
[2026-08-10T17:25:27.266+0000] {processor.py:840} INFO - DAG(s) 'data_quality', 'produce_json', 'update_db' retrieved from /opt/airflow/dags/main.py
[2026-08-10T17:25:27.301+0000] {logging_mixin.py:188} INFO - [2026-08-10T17:25:27.301+0000] {dag.py:3096} INFO - Sync 3 DAGs
[2026-08-10T17:25:27.324+0000] {logging_mixin.py:188} INFO - [2026-08-10T17:25:27.324+0000] {dag.py:3954} INFO - Setting next_dagrun for data_quality to None, run_after=None
[2026-08-10T17:25:27.331+0000] {logging_mixin.py:188} INFO - [2026-08-10T17:25:27.330+0000] {dag.py:3954} INFO - Setting next_dagrun for produce_json to 2026-08-09 12:00:00+00:00, run_after=2026-08-10 12:00:00+00:00
[2026-08-10T17:25:27.333+0000] {logging_mixin.py:188} INFO - [2026-08-10T17:25:27.333+0000] {dag.py:3954} INFO - Setting next_dagrun for update_db to None, run_after=None
[2026-08-10T17:25:27.355+0000] {processor.py:183} INFO - Processing /opt/airflow/dags/main.py took 0.288 seconds
[2026-08-10T17:25:57.609+0000] {processor.py:161} INFO - Started process (PID=874) to work on /opt/airflow/dags/main.py
[2026-08-10T17:25:57.611+0000] {processor.py:830} INFO - Processing file /opt/airflow/dags/main.py for tasks to queue
[2026-08-10T17:25:57.614+0000] {logging_mixin.py:188} INFO - [2026-08-10T17:25:57.614+0000] {dagbag.py:545} INFO - Filling up the DagBag from /opt/airflow/dags/main.py
[2026-08-10T17:25:57.793+0000] {processor.py:840} INFO - DAG(s) 'produce_json', 'update_db', 'data_quality' retrieved from /opt/airflow/dags/main.py
[2026-08-10T17:25:57.826+0000] {logging_mixin.py:188} INFO - [2026-08-10T17:25:57.826+0000] {dag.py:3096} INFO - Sync 3 DAGs
[2026-08-10T17:25:57.855+0000] {logging_mixin.py:188} INFO - [2026-08-10T17:25:57.854+0000] {dag.py:3954} INFO - Setting next_dagrun for data_quality to None, run_after=None
[2026-08-10T17:25:57.864+0000] {logging_mixin.py:188} INFO - [2026-08-10T17:25:57.864+0000] {dag.py:3954} INFO - Setting next_dagrun for produce_json to 2026-08-09 12:00:00+00:00, run_after=2026-08-10 12:00:00+00:00
[2026-08-10T17:25:57.867+0000] {logging_mixin.py:188} INFO - [2026-08-10T17:25:57.866+0000] {dag.py:3954} INFO - Setting next_dagrun for update_db to None, run_after=None
[2026-08-10T17:25:57.895+0000] {processor.py:183} INFO - Processing /opt/airflow/dags/main.py took 0.297 seconds
[2026-08-10T17:26:28.132+0000] {processor.py:161} INFO - Started process (PID=881) to work on /opt/airflow/dags/main.py
[2026-08-10T17:26:28.134+0000] {processor.py:830} INFO - Processing file /opt/airflow/dags/main.py for tasks to queue
[2026-08-10T17:26:28.139+0000] {logging_mixin.py:188} INFO - [2026-08-10T17:26:28.138+0000] {dagbag.py:545} INFO - Filling up the DagBag from /opt/airflow/dags/main.py
[2026-08-10T17:26:28.344+0000] {processor.py:840} INFO - DAG(s) 'data_quality', 'update_db', 'produce_json' retrieved from /opt/airflow/dags/main.py
[2026-08-10T17:26:28.377+0000] {logging_mixin.py:188} INFO - [2026-08-10T17:26:28.377+0000] {dag.py:3096} INFO - Sync 3 DAGs
[2026-08-10T17:26:28.401+0000] {logging_mixin.py:188} INFO - [2026-08-10T17:26:28.401+0000] {dag.py:3954} INFO - Setting next_dagrun for data_quality to None, run_after=None
[2026-08-10T17:26:28.407+0000] {logging_mixin.py:188} INFO - [2026-08-10T17:26:28.407+0000] {dag.py:3954} INFO - Setting next_dagrun for produce_json to 2026-08-09 12:00:00+00:00, run_after=2026-08-10 12:00:00+00:00
[2026-08-10T17:26:28.409+0000] {logging_mixin.py:188} INFO - [2026-08-10T17:26:28.409+0000] {dag.py:3954} INFO - Setting next_dagrun for update_db to None, run_after=None
[2026-08-10T17:26:28.428+0000] {processor.py:183} INFO - Processing /opt/airflow/dags/main.py took 0.307 seconds
[2026-08-10T17:26:58.593+0000] {processor.py:161} INFO - Started process (PID=888) to work on /opt/airflow/dags/main.py
[2026-08-10T17:26:58.595+0000] {processor.py:830} INFO - Processing file /opt/airflow/dags/main.py for tasks to queue
[2026-08-10T17:26:58.598+0000] {logging_mixin.py:188} INFO - [2026-08-10T17:26:58.597+0000] {dagbag.py:545} INFO - Filling up the DagBag from /opt/airflow/dags/main.py
[2026-08-10T17:26:58.734+0000] {processor.py:840} INFO - DAG(s) 'update_db', 'produce_json', 'data_quality' retrieved from /opt/airflow/dags/main.py
[2026-08-10T17:26:58.775+0000] {logging_mixin.py:188} INFO - [2026-08-10T17:26:58.775+0000] {dag.py:3096} INFO - Sync 3 DAGs
[2026-08-10T17:26:58.810+0000] {logging_mixin.py:188} INFO - [2026-08-10T17:26:58.810+0000] {dag.py:3954} INFO - Setting next_dagrun for data_quality to None, run_after=None
[2026-08-10T17:26:58.817+0000] {logging_mixin.py:188} INFO - [2026-08-10T17:26:58.817+0000] {dag.py:3954} INFO - Setting next_dagrun for produce_json to 2026-08-09 12:00:00+00:00, run_after=2026-08-10 12:00:00+00:00
[2026-08-10T17:26:58.819+0000] {logging_mixin.py:188} INFO - [2026-08-10T17:26:58.819+0000] {dag.py:3954} INFO - Setting next_dagrun for update_db to None, run_after=None
[2026-08-10T17:26:58.847+0000] {processor.py:183} INFO - Processing /opt/airflow/dags/main.py took 0.266 seconds
[2026-08-10T17:27:28.945+0000] {processor.py:161} INFO - Started process (PID=895) to work on /opt/airflow/dags/main.py
[2026-08-10T17:27:28.946+0000] {processor.py:830} INFO - Processing file /opt/airflow/dags/main.py for tasks to queue
[2026-08-10T17:27:28.949+0000] {logging_mixin.py:188} INFO - [2026-08-10T17:27:28.949+0000] {dagbag.py:545} INFO - Filling up the DagBag from /opt/airflow/dags/main.py
[2026-08-10T17:27:29.103+0000] {processor.py:840} INFO - DAG(s) 'produce_json', 'update_db', 'data_quality' retrieved from /opt/airflow/dags/main.py
[2026-08-10T17:27:29.144+0000] {logging_mixin.py:188} INFO - [2026-08-10T17:27:29.143+0000] {dag.py:3096} INFO - Sync 3 DAGs
[2026-08-10T17:27:29.173+0000] {logging_mixin.py:188} INFO - [2026-08-10T17:27:29.173+0000] {dag.py:3954} INFO - Setting next_dagrun for data_quality to None, run_after=None
[2026-08-10T17:27:29.180+0000] {logging_mixin.py:188} INFO - [2026-08-10T17:27:29.180+0000] {dag.py:3954} INFO - Setting next_dagrun for produce_json to 2026-08-09 12:00:00+00:00, run_after=2026-08-10 12:00:00+00:00
[2026-08-10T17:27:29.182+0000] {logging_mixin.py:188} INFO - [2026-08-10T17:27:29.182+0000] {dag.py:3954} INFO - Setting next_dagrun for update_db to None, run_after=None
[2026-08-10T17:27:29.201+0000] {processor.py:183} INFO - Processing /opt/airflow/dags/main.py took 0.266 seconds
[2026-08-10T17:27:59.976+0000] {processor.py:161} INFO - Started process (PID=902) to work on /opt/airflow/dags/main.py
[2026-08-10T17:27:59.979+0000] {processor.py:830} INFO - Processing file /opt/airflow/dags/main.py for tasks to queue
[2026-08-10T17:27:59.982+0000] {logging_mixin.py:188} INFO - [2026-08-10T17:27:59.981+0000] {dagbag.py:545} INFO - Filling up the DagBag from /opt/airflow/dags/main.py
[2026-08-10T17:28:00.128+0000] {processor.py:840} INFO - DAG(s) 'update_db', 'data_quality', 'produce_json' retrieved from /opt/airflow/dags/main.py
[2026-08-10T17:28:00.169+0000] {logging_mixin.py:188} INFO - [2026-08-10T17:28:00.169+0000] {dag.py:3096} INFO - Sync 3 DAGs
[2026-08-10T17:28:00.194+0000] {logging_mixin.py:188} INFO - [2026-08-10T17:28:00.194+0000] {dag.py:3954} INFO - Setting next_dagrun for data_quality to None, run_after=None
[2026-08-10T17:28:00.201+0000] {logging_mixin.py:188} INFO - [2026-08-10T17:28:00.201+0000] {dag.py:3954} INFO - Setting next_dagrun for produce_json to 2026-08-09 12:00:00+00:00, run_after=2026-08-10 12:00:00+00:00
[2026-08-10T17:28:00.204+0000] {logging_mixin.py:188} INFO - [2026-08-10T17:28:00.203+0000] {dag.py:3954} INFO - Setting next_dagrun for update_db to None, run_after=None
[2026-08-10T17:28:00.225+0000] {processor.py:183} INFO - Processing /opt/airflow/dags/main.py took 0.259 seconds
[2026-08-10T17:28:30.325+0000] {processor.py:161} INFO - Started process (PID=909) to work on /opt/airflow/dags/main.py
[2026-08-10T17:28:30.327+0000] {processor.py:830} INFO - Processing file /opt/airflow/dags/main.py for tasks to queue
[2026-08-10T17:28:30.329+0000] {logging_mixin.py:188} INFO - [2026-08-10T17:28:30.329+0000] {dagbag.py:545} INFO - Filling up the DagBag from /opt/airflow/dags/main.py
[2026-08-10T17:28:30.481+0000] {processor.py:840} INFO - DAG(s) 'update_db', 'data_quality', 'produce_json' retrieved from /opt/airflow/dags/main.py
[2026-08-10T17:28:30.526+0000] {logging_mixin.py:188} INFO - [2026-08-10T17:28:30.525+0000] {dag.py:3096} INFO - Sync 3 DAGs
[2026-08-10T17:28:30.551+0000] {logging_mixin.py:188} INFO - [2026-08-10T17:28:30.551+0000] {dag.py:3954} INFO - Setting next_dagrun for data_quality to None, run_after=None
[2026-08-10T17:28:30.558+0000] {logging_mixin.py:188} INFO - [2026-08-10T17:28:30.558+0000] {dag.py:3954} INFO - Setting next_dagrun for produce_json to 2026-08-09 12:00:00+00:00, run_after=2026-08-10 12:00:00+00:00
[2026-08-10T17:28:30.560+0000] {logging_mixin.py:188} INFO - [2026-08-10T17:28:30.560+0000] {dag.py:3954} INFO - Setting next_dagrun for update_db to None, run_after=None
[2026-08-10T17:28:30.581+0000] {processor.py:183} INFO - Processing /opt/airflow/dags/main.py took 0.263 seconds
[2026-08-10T17:29:00.727+0000] {processor.py:161} INFO - Started process (PID=916) to work on /opt/airflow/dags/main.py
[2026-08-10T17:29:00.730+0000] {processor.py:830} INFO - Processing file /opt/airflow/dags/main.py for tasks to queue
[2026-08-10T17:29:00.733+0000] {logging_mixin.py:188} INFO - [2026-08-10T17:29:00.733+0000] {dagbag.py:545} INFO - Filling up the DagBag from /opt/airflow/dags/main.py
[2026-08-10T17:29:00.931+0000] {processor.py:840} INFO - DAG(s) 'update_db', 'data_quality', 'produce_json' retrieved from /opt/airflow/dags/main.py
[2026-08-10T17:29:00.969+0000] {logging_mixin.py:188} INFO - [2026-08-10T17:29:00.968+0000] {dag.py:3096} INFO - Sync 3 DAGs
[2026-08-10T17:29:01.001+0000] {logging_mixin.py:188} INFO - [2026-08-10T17:29:01.001+0000] {dag.py:3954} INFO - Setting next_dagrun for data_quality to None, run_after=None
[2026-08-10T17:29:01.007+0000] {logging_mixin.py:188} INFO - [2026-08-10T17:29:01.007+0000] {dag.py:3954} INFO - Setting next_dagrun for produce_json to 2026-08-09 12:00:00+00:00, run_after=2026-08-10 12:00:00+00:00
[2026-08-10T17:29:01.009+0000] {logging_mixin.py:188} INFO - [2026-08-10T17:29:01.008+0000] {dag.py:3954} INFO - Setting next_dagrun for update_db to None, run_after=None
[2026-08-10T17:29:01.029+0000] {processor.py:183} INFO - Processing /opt/airflow/dags/main.py took 0.313 seconds
[2026-08-10T17:29:31.217+0000] {processor.py:161} INFO - Started process (PID=923) to work on /opt/airflow/dags/main.py
[2026-08-10T17:29:31.221+0000] {processor.py:830} INFO - Processing file /opt/airflow/dags/main.py for tasks to queue
[2026-08-10T17:29:31.226+0000] {logging_mixin.py:188} INFO - [2026-08-10T17:29:31.225+0000] {dagbag.py:545} INFO - Filling up the DagBag from /opt/airflow/dags/main.py
[2026-08-10T17:29:31.439+0000] {processor.py:840} INFO - DAG(s) 'produce_json', 'data_quality', 'update_db' retrieved from /opt/airflow/dags/main.py
[2026-08-10T17:29:31.476+0000] {logging_mixin.py:188} INFO - [2026-08-10T17:29:31.476+0000] {dag.py:3096} INFO - Sync 3 DAGs
[2026-08-10T17:29:31.506+0000] {logging_mixin.py:188} INFO - [2026-08-10T17:29:31.505+0000] {dag.py:3954} INFO - Setting next_dagrun for data_quality to None, run_after=None
[2026-08-10T17:29:31.515+0000] {logging_mixin.py:188} INFO - [2026-08-10T17:29:31.515+0000] {dag.py:3954} INFO - Setting next_dagrun for produce_json to 2026-08-09 12:00:00+00:00, run_after=2026-08-10 12:00:00+00:00
[2026-08-10T17:29:31.518+0000] {logging_mixin.py:188} INFO - [2026-08-10T17:29:31.517+0000] {dag.py:3954} INFO - Setting next_dagrun for update_db to None, run_after=None
[2026-08-10T17:29:31.550+0000] {processor.py:183} INFO - Processing /opt/airflow/dags/main.py took 0.352 seconds
[2026-08-10T17:30:01.761+0000] {processor.py:161} INFO - Started process (PID=930) to work on /opt/airflow/dags/main.py
[2026-08-10T17:30:01.762+0000] {processor.py:830} INFO - Processing file /opt/airflow/dags/main.py for tasks to queue
[2026-08-10T17:30:01.764+0000] {logging_mixin.py:188} INFO - [2026-08-10T17:30:01.764+0000] {dagbag.py:545} INFO - Filling up the DagBag from /opt/airflow/dags/main.py
[2026-08-10T17:30:02.070+0000] {processor.py:840} INFO - DAG(s) 'update_db', 'produce_json', 'data_quality' retrieved from /opt/airflow/dags/main.py
[2026-08-10T17:30:02.150+0000] {logging_mixin.py:188} INFO - [2026-08-10T17:30:02.150+0000] {dag.py:3096} INFO - Sync 3 DAGs
[2026-08-10T17:30:02.204+0000] {logging_mixin.py:188} INFO - [2026-08-10T17:30:02.203+0000] {dag.py:3954} INFO - Setting next_dagrun for data_quality to None, run_after=None
[2026-08-10T17:30:02.216+0000] {logging_mixin.py:188} INFO - [2026-08-10T17:30:02.216+0000] {dag.py:3954} INFO - Setting next_dagrun for produce_json to 2026-08-09 12:00:00+00:00, run_after=2026-08-10 12:00:00+00:00
[2026-08-10T17:30:02.220+0000] {logging_mixin.py:188} INFO - [2026-08-10T17:30:02.220+0000] {dag.py:3954} INFO - Setting next_dagrun for update_db to None, run_after=None
[2026-08-10T17:30:02.260+0000] {processor.py:183} INFO - Processing /opt/airflow/dags/main.py took 0.514 seconds
[2026-08-10T17:30:32.432+0000] {processor.py:161} INFO - Started process (PID=937) to work on /opt/airflow/dags/main.py
[2026-08-10T17:30:32.433+0000] {processor.py:830} INFO - Processing file /opt/airflow/dags/main.py for tasks to queue
[2026-08-10T17:30:32.435+0000] {logging_mixin.py:188} INFO - [2026-08-10T17:30:32.435+0000] {dagbag.py:545} INFO - Filling up the DagBag from /opt/airflow/dags/main.py
[2026-08-10T17:30:32.535+0000] {processor.py:840} INFO - DAG(s) 'update_db', 'data_quality', 'produce_json' retrieved from /opt/airflow/dags/main.py
[2026-08-10T17:30:32.565+0000] {logging_mixin.py:188} INFO - [2026-08-10T17:30:32.565+0000] {dag.py:3096} INFO - Sync 3 DAGs
[2026-08-10T17:30:32.585+0000] {logging_mixin.py:188} INFO - [2026-08-10T17:30:32.585+0000] {dag.py:3954} INFO - Setting next_dagrun for data_quality to None, run_after=None
[2026-08-10T17:30:32.591+0000] {logging_mixin.py:188} INFO - [2026-08-10T17:30:32.591+0000] {dag.py:3954} INFO - Setting next_dagrun for produce_json to 2026-08-09 12:00:00+00:00, run_after=2026-08-10 12:00:00+00:00
[2026-08-10T17:30:32.593+0000] {logging_mixin.py:188} INFO - [2026-08-10T17:30:32.592+0000] {dag.py:3954} INFO - Setting next_dagrun for update_db to None, run_after=None
[2026-08-10T17:30:32.609+0000] {processor.py:183} INFO - Processing /opt/airflow/dags/main.py took 0.183 seconds
[2026-08-10T17:31:02.706+0000] {processor.py:161} INFO - Started process (PID=944) to work on /opt/airflow/dags/main.py
[2026-08-10T17:31:02.707+0000] {processor.py:830} INFO - Processing file /opt/airflow/dags/main.py for tasks to queue
[2026-08-10T17:31:02.709+0000] {logging_mixin.py:188} INFO - [2026-08-10T17:31:02.709+0000] {dagbag.py:545} INFO - Filling up the DagBag from /opt/airflow/dags/main.py
[2026-08-10T17:31:02.790+0000] {processor.py:840} INFO - DAG(s) 'update_db', 'data_quality', 'produce_json' retrieved from /opt/airflow/dags/main.py
[2026-08-10T17:31:02.824+0000] {logging_mixin.py:188} INFO - [2026-08-10T17:31:02.824+0000] {dag.py:3096} INFO - Sync 3 DAGs
[2026-08-10T17:31:02.845+0000] {logging_mixin.py:188} INFO - [2026-08-10T17:31:02.845+0000] {dag.py:3954} INFO - Setting next_dagrun for data_quality to None, run_after=None
[2026-08-10T17:31:02.851+0000] {logging_mixin.py:188} INFO - [2026-08-10T17:31:02.850+0000] {dag.py:3954} INFO - Setting next_dagrun for produce_json to 2026-08-09 12:00:00+00:00, run_after=2026-08-10 12:00:00+00:00
[2026-08-10T17:31:02.852+0000] {logging_mixin.py:188} INFO - [2026-08-10T17:31:02.852+0000] {dag.py:3954} INFO - Setting next_dagrun for update_db to None, run_after=None
[2026-08-10T17:31:02.870+0000] {processor.py:183} INFO - Processing /opt/airflow/dags/main.py took 0.170 seconds
[2026-08-10T17:31:32.963+0000] {processor.py:161} INFO - Started process (PID=951) to work on /opt/airflow/dags/main.py
[2026-08-10T17:31:32.964+0000] {processor.py:830} INFO - Processing file /opt/airflow/dags/main.py for tasks to queue
[2026-08-10T17:31:32.967+0000] {logging_mixin.py:188} INFO - [2026-08-10T17:31:32.967+0000] {dagbag.py:545} INFO - Filling up the DagBag from /opt/airflow/dags/main.py
[2026-08-10T17:31:33.085+0000] {processor.py:840} INFO - DAG(s) 'update_db', 'produce_json', 'data_quality' retrieved from /opt/airflow/dags/main.py
[2026-08-10T17:31:33.121+0000] {logging_mixin.py:188} INFO - [2026-08-10T17:31:33.121+0000] {dag.py:3096} INFO - Sync 3 DAGs
[2026-08-10T17:31:33.142+0000] {logging_mixin.py:188} INFO - [2026-08-10T17:31:33.142+0000] {dag.py:3954} INFO - Setting next_dagrun for data_quality to None, run_after=None
[2026-08-10T17:31:33.147+0000] {logging_mixin.py:188} INFO - [2026-08-10T17:31:33.147+0000] {dag.py:3954} INFO - Setting next_dagrun for produce_json to 2026-08-09 12:00:00+00:00, run_after=2026-08-10 12:00:00+00:00
[2026-08-10T17:31:33.149+0000] {logging_mixin.py:188} INFO - [2026-08-10T17:31:33.149+0000] {dag.py:3954} INFO - Setting next_dagrun for update_db to None, run_after=None
[2026-08-10T17:31:33.167+0000] {processor.py:183} INFO - Processing /opt/airflow/dags/main.py took 0.211 seconds
[2026-08-10T17:32:04.058+0000] {processor.py:161} INFO - Started process (PID=964) to work on /opt/airflow/dags/main.py
[2026-08-10T17:32:04.059+0000] {processor.py:830} INFO - Processing file /opt/airflow/dags/main.py for tasks to queue
[2026-08-10T17:32:04.061+0000] {logging_mixin.py:188} INFO - [2026-08-10T17:32:04.061+0000] {dagbag.py:545} INFO - Filling up the DagBag from /opt/airflow/dags/main.py
[2026-08-10T17:32:04.150+0000] {processor.py:840} INFO - DAG(s) 'data_quality', 'update_db', 'produce_json' retrieved from /opt/airflow/dags/main.py
[2026-08-10T17:32:04.176+0000] {logging_mixin.py:188} INFO - [2026-08-10T17:32:04.175+0000] {dag.py:3096} INFO - Sync 3 DAGs
[2026-08-10T17:32:04.194+0000] {logging_mixin.py:188} INFO - [2026-08-10T17:32:04.193+0000] {dag.py:3954} INFO - Setting next_dagrun for data_quality to None, run_after=None
[2026-08-10T17:32:04.198+0000] {logging_mixin.py:188} INFO - [2026-08-10T17:32:04.198+0000] {dag.py:3954} INFO - Setting next_dagrun for produce_json to 2026-08-09 12:00:00+00:00, run_after=2026-08-10 12:00:00+00:00
[2026-08-10T17:32:04.200+0000] {logging_mixin.py:188} INFO - [2026-08-10T17:32:04.200+0000] {dag.py:3954} INFO - Setting next_dagrun for update_db to None, run_after=None
[2026-08-10T17:32:04.217+0000] {processor.py:183} INFO - Processing /opt/airflow/dags/main.py took 0.169 seconds
[2026-08-10T17:32:35.218+0000] {processor.py:161} INFO - Started process (PID=971) to work on /opt/airflow/dags/main.py
[2026-08-10T17:32:35.220+0000] {processor.py:830} INFO - Processing file /opt/airflow/dags/main.py for tasks to queue
[2026-08-10T17:32:35.222+0000] {logging_mixin.py:188} INFO - [2026-08-10T17:32:35.222+0000] {dagbag.py:545} INFO - Filling up the DagBag from /opt/airflow/dags/main.py
[2026-08-10T17:32:35.368+0000] {processor.py:840} INFO - DAG(s) 'update_db', 'data_quality', 'produce_json' retrieved from /opt/airflow/dags/main.py
[2026-08-10T17:32:35.402+0000] {logging_mixin.py:188} INFO - [2026-08-10T17:32:35.402+0000] {dag.py:3096} INFO - Sync 3 DAGs
[2026-08-10T17:32:35.428+0000] {logging_mixin.py:188} INFO - [2026-08-10T17:32:35.427+0000] {dag.py:3954} INFO - Setting next_dagrun for data_quality to None, run_after=None
[2026-08-10T17:32:35.435+0000] {logging_mixin.py:188} INFO - [2026-08-10T17:32:35.435+0000] {dag.py:3954} INFO - Setting next_dagrun for produce_json to 2026-08-09 12:00:00+00:00, run_after=2026-08-10 12:00:00+00:00
[2026-08-10T17:32:35.438+0000] {logging_mixin.py:188} INFO - [2026-08-10T17:32:35.438+0000] {dag.py:3954} INFO - Setting next_dagrun for update_db to None, run_after=None
[2026-08-10T17:32:35.461+0000] {processor.py:183} INFO - Processing /opt/airflow/dags/main.py took 0.255 seconds
[2026-08-10T17:33:05.522+0000] {processor.py:161} INFO - Started process (PID=978) to work on /opt/airflow/dags/main.py
[2026-08-10T17:33:05.524+0000] {processor.py:830} INFO - Processing file /opt/airflow/dags/main.py for tasks to queue
[2026-08-10T17:33:05.526+0000] {logging_mixin.py:188} INFO - [2026-08-10T17:33:05.526+0000] {dagbag.py:545} INFO - Filling up the DagBag from /opt/airflow/dags/main.py
[2026-08-10T17:33:05.649+0000] {processor.py:840} INFO - DAG(s) 'produce_json', 'update_db', 'data_quality' retrieved from /opt/airflow/dags/main.py
[2026-08-10T17:33:05.679+0000] {logging_mixin.py:188} INFO - [2026-08-10T17:33:05.679+0000] {dag.py:3096} INFO - Sync 3 DAGs
[2026-08-10T17:33:05.703+0000] {logging_mixin.py:188} INFO - [2026-08-10T17:33:05.703+0000] {dag.py:3954} INFO - Setting next_dagrun for data_quality to None, run_after=None
[2026-08-10T17:33:05.708+0000] {logging_mixin.py:188} INFO - [2026-08-10T17:33:05.708+0000] {dag.py:3954} INFO - Setting next_dagrun for produce_json to 2026-08-09 12:00:00+00:00, run_after=2026-08-10 12:00:00+00:00
[2026-08-10T17:33:05.710+0000] {logging_mixin.py:188} INFO - [2026-08-10T17:33:05.710+0000] {dag.py:3954} INFO - Setting next_dagrun for update_db to None, run_after=None
[2026-08-10T17:33:05.727+0000] {processor.py:183} INFO - Processing /opt/airflow/dags/main.py took 0.216 seconds
[2026-08-10T17:33:35.773+0000] {processor.py:161} INFO - Started process (PID=985) to work on /opt/airflow/dags/main.py
[2026-08-10T17:33:35.775+0000] {processor.py:830} INFO - Processing file /opt/airflow/dags/main.py for tasks to queue
[2026-08-10T17:33:35.777+0000] {logging_mixin.py:188} INFO - [2026-08-10T17:33:35.777+0000] {dagbag.py:545} INFO - Filling up the DagBag from /opt/airflow/dags/main.py
[2026-08-10T17:33:35.890+0000] {processor.py:840} INFO - DAG(s) 'produce_json', 'data_quality', 'update_db' retrieved from /opt/airflow/dags/main.py
[2026-08-10T17:33:35.920+0000] {logging_mixin.py:188} INFO - [2026-08-10T17:33:35.919+0000] {dag.py:3096} INFO - Sync 3 DAGs
[2026-08-10T17:33:35.938+0000] {logging_mixin.py:188} INFO - [2026-08-10T17:33:35.938+0000] {dag.py:3954} INFO - Setting next_dagrun for data_quality to None, run_after=None
[2026-08-10T17:33:35.944+0000] {logging_mixin.py:188} INFO - [2026-08-10T17:33:35.944+0000] {dag.py:3954} INFO - Setting next_dagrun for produce_json to 2026-08-09 12:00:00+00:00, run_after=2026-08-10 12:00:00+00:00
[2026-08-10T17:33:35.946+0000] {logging_mixin.py:188} INFO - [2026-08-10T17:33:35.945+0000] {dag.py:3954} INFO - Setting next_dagrun for update_db to None, run_after=None
[2026-08-10T17:33:35.963+0000] {processor.py:183} INFO - Processing /opt/airflow/dags/main.py took 0.196 seconds
[2026-08-10T17:34:06.048+0000] {processor.py:161} INFO - Started process (PID=992) to work on /opt/airflow/dags/main.py
[2026-08-10T17:34:06.049+0000] {processor.py:830} INFO - Processing file /opt/airflow/dags/main.py for tasks to queue
[2026-08-10T17:34:06.051+0000] {logging_mixin.py:188} INFO - [2026-08-10T17:34:06.051+0000] {dagbag.py:545} INFO - Filling up the DagBag from /opt/airflow/dags/main.py
[2026-08-10T17:34:06.141+0000] {processor.py:840} INFO - DAG(s) 'update_db', 'data_quality', 'produce_json' retrieved from /opt/airflow/dags/main.py
[2026-08-10T17:34:06.169+0000] {logging_mixin.py:188} INFO - [2026-08-10T17:34:06.169+0000] {dag.py:3096} INFO - Sync 3 DAGs
[2026-08-10T17:34:06.187+0000] {logging_mixin.py:188} INFO - [2026-08-10T17:34:06.187+0000] {dag.py:3954} INFO - Setting next_dagrun for data_quality to None, run_after=None
[2026-08-10T17:34:06.193+0000] {logging_mixin.py:188} INFO - [2026-08-10T17:34:06.192+0000] {dag.py:3954} INFO - Setting next_dagrun for produce_json to 2026-08-09 12:00:00+00:00, run_after=2026-08-10 12:00:00+00:00
[2026-08-10T17:34:06.194+0000] {logging_mixin.py:188} INFO - [2026-08-10T17:34:06.194+0000] {dag.py:3954} INFO - Setting next_dagrun for update_db to None, run_after=None
[2026-08-10T17:34:06.210+0000] {processor.py:183} INFO - Processing /opt/airflow/dags/main.py took 0.169 seconds
[2026-08-10T17:34:36.299+0000] {processor.py:161} INFO - Started process (PID=999) to work on /opt/airflow/dags/main.py
[2026-08-10T17:34:36.300+0000] {processor.py:830} INFO - Processing file /opt/airflow/dags/main.py for tasks to queue
[2026-08-10T17:34:36.303+0000] {logging_mixin.py:188} INFO - [2026-08-10T17:34:36.302+0000] {dagbag.py:545} INFO - Filling up the DagBag from /opt/airflow/dags/main.py
[2026-08-10T17:34:36.396+0000] {processor.py:840} INFO - DAG(s) 'produce_json', 'data_quality', 'update_db' retrieved from /opt/airflow/dags/main.py
[2026-08-10T17:34:36.426+0000] {logging_mixin.py:188} INFO - [2026-08-10T17:34:36.426+0000] {dag.py:3096} INFO - Sync 3 DAGs
[2026-08-10T17:34:36.447+0000] {logging_mixin.py:188} INFO - [2026-08-10T17:34:36.446+0000] {dag.py:3954} INFO - Setting next_dagrun for data_quality to None, run_after=None
[2026-08-10T17:34:36.451+0000] {logging_mixin.py:188} INFO - [2026-08-10T17:34:36.451+0000] {dag.py:3954} INFO - Setting next_dagrun for produce_json to 2026-08-09 12:00:00+00:00, run_after=2026-08-10 12:00:00+00:00
[2026-08-10T17:34:36.453+0000] {logging_mixin.py:188} INFO - [2026-08-10T17:34:36.453+0000] {dag.py:3954} INFO - Setting next_dagrun for update_db to None, run_after=None
[2026-08-10T17:34:36.469+0000] {processor.py:183} INFO - Processing /opt/airflow/dags/main.py took 0.176 seconds
[2026-08-10T17:35:06.554+0000] {processor.py:161} INFO - Started process (PID=1006) to work on /opt/airflow/dags/main.py
[2026-08-10T17:35:06.555+0000] {processor.py:830} INFO - Processing file /opt/airflow/dags/main.py for tasks to queue
[2026-08-10T17:35:06.556+0000] {logging_mixin.py:188} INFO - [2026-08-10T17:35:06.556+0000] {dagbag.py:545} INFO - Filling up the DagBag from /opt/airflow/dags/main.py
[2026-08-10T17:35:06.641+0000] {processor.py:840} INFO - DAG(s) 'produce_json', 'update_db', 'data_quality' retrieved from /opt/airflow/dags/main.py
[2026-08-10T17:35:06.668+0000] {logging_mixin.py:188} INFO - [2026-08-10T17:35:06.667+0000] {dag.py:3096} INFO - Sync 3 DAGs
[2026-08-10T17:35:06.688+0000] {logging_mixin.py:188} INFO - [2026-08-10T17:35:06.688+0000] {dag.py:3954} INFO - Setting next_dagrun for data_quality to None, run_after=None
[2026-08-10T17:35:06.693+0000] {logging_mixin.py:188} INFO - [2026-08-10T17:35:06.693+0000] {dag.py:3954} INFO - Setting next_dagrun for produce_json to 2026-08-09 12:00:00+00:00, run_after=2026-08-10 12:00:00+00:00
[2026-08-10T17:35:06.694+0000] {logging_mixin.py:188} INFO - [2026-08-10T17:35:06.694+0000] {dag.py:3954} INFO - Setting next_dagrun for update_db to None, run_after=None
[2026-08-10T17:35:06.711+0000] {processor.py:183} INFO - Processing /opt/airflow/dags/main.py took 0.164 seconds
[2026-08-10T17:35:36.781+0000] {processor.py:161} INFO - Started process (PID=1013) to work on /opt/airflow/dags/main.py
[2026-08-10T17:35:36.782+0000] {processor.py:830} INFO - Processing file /opt/airflow/dags/main.py for tasks to queue
[2026-08-10T17:35:36.784+0000] {logging_mixin.py:188} INFO - [2026-08-10T17:35:36.784+0000] {dagbag.py:545} INFO - Filling up the DagBag from /opt/airflow/dags/main.py
[2026-08-10T17:35:36.874+0000] {processor.py:840} INFO - DAG(s) 'produce_json', 'data_quality', 'update_db' retrieved from /opt/airflow/dags/main.py
[2026-08-10T17:35:36.902+0000] {logging_mixin.py:188} INFO - [2026-08-10T17:35:36.902+0000] {dag.py:3096} INFO - Sync 3 DAGs
[2026-08-10T17:35:36.923+0000] {logging_mixin.py:188} INFO - [2026-08-10T17:35:36.922+0000] {dag.py:3954} INFO - Setting next_dagrun for data_quality to None, run_after=None
[2026-08-10T17:35:36.927+0000] {logging_mixin.py:188} INFO - [2026-08-10T17:35:36.927+0000] {dag.py:3954} INFO - Setting next_dagrun for produce_json to 2026-08-09 12:00:00+00:00, run_after=2026-08-10 12:00:00+00:00
[2026-08-10T17:35:36.929+0000] {logging_mixin.py:188} INFO - [2026-08-10T17:35:36.929+0000] {dag.py:3954} INFO - Setting next_dagrun for update_db to None, run_after=None
[2026-08-10T17:35:36.946+0000] {processor.py:183} INFO - Processing /opt/airflow/dags/main.py took 0.172 seconds
[2026-08-10T17:36:07.019+0000] {processor.py:161} INFO - Started process (PID=1020) to work on /opt/airflow/dags/main.py
[2026-08-10T17:36:07.020+0000] {processor.py:830} INFO - Processing file /opt/airflow/dags/main.py for tasks to queue
[2026-08-10T17:36:07.022+0000] {logging_mixin.py:188} INFO - [2026-08-10T17:36:07.022+0000] {dagbag.py:545} INFO - Filling up the DagBag from /opt/airflow/dags/main.py
[2026-08-10T17:36:07.151+0000] {processor.py:840} INFO - DAG(s) 'update_db', 'data_quality', 'produce_json' retrieved from /opt/airflow/dags/main.py
[2026-08-10T17:36:07.186+0000] {logging_mixin.py:188} INFO - [2026-08-10T17:36:07.186+0000] {dag.py:3096} INFO - Sync 3 DAGs
[2026-08-10T17:36:07.208+0000] {logging_mixin.py:188} INFO - [2026-08-10T17:36:07.208+0000] {dag.py:3954} INFO - Setting next_dagrun for data_quality to None, run_after=None
[2026-08-10T17:36:07.213+0000] {logging_mixin.py:188} INFO - [2026-08-10T17:36:07.212+0000] {dag.py:3954} INFO - Setting next_dagrun for produce_json to 2026-08-09 12:00:00+00:00, run_after=2026-08-10 12:00:00+00:00
[2026-08-10T17:36:07.216+0000] {logging_mixin.py:188} INFO - [2026-08-10T17:36:07.216+0000] {dag.py:3954} INFO - Setting next_dagrun for update_db to None, run_after=None
[2026-08-10T17:36:07.236+0000] {processor.py:183} INFO - Processing /opt/airflow/dags/main.py took 0.223 seconds
[2026-08-10T17:36:37.853+0000] {processor.py:161} INFO - Started process (PID=1027) to work on /opt/airflow/dags/main.py
[2026-08-10T17:36:37.854+0000] {processor.py:830} INFO - Processing file /opt/airflow/dags/main.py for tasks to queue
[2026-08-10T17:36:37.856+0000] {logging_mixin.py:188} INFO - [2026-08-10T17:36:37.856+0000] {dagbag.py:545} INFO - Filling up the DagBag from /opt/airflow/dags/main.py
[2026-08-10T17:36:37.944+0000] {processor.py:840} INFO - DAG(s) 'data_quality', 'update_db', 'produce_json' retrieved from /opt/airflow/dags/main.py
[2026-08-10T17:36:37.973+0000] {logging_mixin.py:188} INFO - [2026-08-10T17:36:37.973+0000] {dag.py:3096} INFO - Sync 3 DAGs
[2026-08-10T17:36:37.993+0000] {logging_mixin.py:188} INFO - [2026-08-10T17:36:37.993+0000] {dag.py:3954} INFO - Setting next_dagrun for data_quality to None, run_after=None
[2026-08-10T17:36:37.999+0000] {logging_mixin.py:188} INFO - [2026-08-10T17:36:37.998+0000] {dag.py:3954} INFO - Setting next_dagrun for produce_json to 2026-08-09 12:00:00+00:00, run_after=2026-08-10 12:00:00+00:00
[2026-08-10T17:36:38.000+0000] {logging_mixin.py:188} INFO - [2026-08-10T17:36:38.000+0000] {dag.py:3954} INFO - Setting next_dagrun for update_db to None, run_after=None
[2026-08-10T17:36:38.017+0000] {processor.py:183} INFO - Processing /opt/airflow/dags/main.py took 0.170 seconds
[2026-08-10T17:37:08.107+0000] {processor.py:161} INFO - Started process (PID=1034) to work on /opt/airflow/dags/main.py
[2026-08-10T17:37:08.108+0000] {processor.py:830} INFO - Processing file /opt/airflow/dags/main.py for tasks to queue
[2026-08-10T17:37:08.110+0000] {logging_mixin.py:188} INFO - [2026-08-10T17:37:08.110+0000] {dagbag.py:545} INFO - Filling up the DagBag from /opt/airflow/dags/main.py
[2026-08-10T17:37:08.197+0000] {processor.py:840} INFO - DAG(s) 'produce_json', 'update_db', 'data_quality' retrieved from /opt/airflow/dags/main.py
[2026-08-10T17:37:08.224+0000] {logging_mixin.py:188} INFO - [2026-08-10T17:37:08.224+0000] {dag.py:3096} INFO - Sync 3 DAGs
[2026-08-10T17:37:08.243+0000] {logging_mixin.py:188} INFO - [2026-08-10T17:37:08.243+0000] {dag.py:3954} INFO - Setting next_dagrun for data_quality to None, run_after=None
[2026-08-10T17:37:08.249+0000] {logging_mixin.py:188} INFO - [2026-08-10T17:37:08.248+0000] {dag.py:3954} INFO - Setting next_dagrun for produce_json to 2026-08-09 12:00:00+00:00, run_after=2026-08-10 12:00:00+00:00
[2026-08-10T17:37:08.250+0000] {logging_mixin.py:188} INFO - [2026-08-10T17:37:08.250+0000] {dag.py:3954} INFO - Setting next_dagrun for update_db to None, run_after=None
[2026-08-10T17:37:08.270+0000] {processor.py:183} INFO - Processing /opt/airflow/dags/main.py took 0.170 seconds
[2026-08-10T17:37:39.212+0000] {processor.py:161} INFO - Started process (PID=1041) to work on /opt/airflow/dags/main.py
[2026-08-10T17:37:39.214+0000] {processor.py:830} INFO - Processing file /opt/airflow/dags/main.py for tasks to queue
[2026-08-10T17:37:39.216+0000] {logging_mixin.py:188} INFO - [2026-08-10T17:37:39.216+0000] {dagbag.py:545} INFO - Filling up the DagBag from /opt/airflow/dags/main.py
[2026-08-10T17:37:39.329+0000] {processor.py:840} INFO - DAG(s) 'update_db', 'data_quality', 'produce_json' retrieved from /opt/airflow/dags/main.py
[2026-08-10T17:37:39.361+0000] {logging_mixin.py:188} INFO - [2026-08-10T17:37:39.361+0000] {dag.py:3096} INFO - Sync 3 DAGs
[2026-08-10T17:37:39.383+0000] {logging_mixin.py:188} INFO - [2026-08-10T17:37:39.382+0000] {dag.py:3954} INFO - Setting next_dagrun for data_quality to None, run_after=None
[2026-08-10T17:37:39.390+0000] {logging_mixin.py:188} INFO - [2026-08-10T17:37:39.390+0000] {dag.py:3954} INFO - Setting next_dagrun for produce_json to 2026-08-09 12:00:00+00:00, run_after=2026-08-10 12:00:00+00:00
[2026-08-10T17:37:39.392+0000] {logging_mixin.py:188} INFO - [2026-08-10T17:37:39.391+0000] {dag.py:3954} INFO - Setting next_dagrun for update_db to None, run_after=None
[2026-08-10T17:37:39.409+0000] {processor.py:183} INFO - Processing /opt/airflow/dags/main.py took 0.205 seconds
[2026-08-10T17:38:10.441+0000] {processor.py:161} INFO - Started process (PID=1048) to work on /opt/airflow/dags/main.py
[2026-08-10T17:38:10.444+0000] {processor.py:830} INFO - Processing file /opt/airflow/dags/main.py for tasks to queue
[2026-08-10T17:38:10.450+0000] {logging_mixin.py:188} INFO - [2026-08-10T17:38:10.449+0000] {dagbag.py:545} INFO - Filling up the DagBag from /opt/airflow/dags/main.py
[2026-08-10T17:38:10.585+0000] {processor.py:840} INFO - DAG(s) 'update_db', 'data_quality', 'produce_json' retrieved from /opt/airflow/dags/main.py
[2026-08-10T17:38:10.624+0000] {logging_mixin.py:188} INFO - [2026-08-10T17:38:10.623+0000] {dag.py:3096} INFO - Sync 3 DAGs
[2026-08-10T17:38:10.655+0000] {logging_mixin.py:188} INFO - [2026-08-10T17:38:10.654+0000] {dag.py:3954} INFO - Setting next_dagrun for data_quality to None, run_after=None
[2026-08-10T17:38:10.668+0000] {logging_mixin.py:188} INFO - [2026-08-10T17:38:10.667+0000] {dag.py:3954} INFO - Setting next_dagrun for produce_json to 2026-08-09 12:00:00+00:00, run_after=2026-08-10 12:00:00+00:00
[2026-08-10T17:38:10.670+0000] {logging_mixin.py:188} INFO - [2026-08-10T17:38:10.669+0000] {dag.py:3954} INFO - Setting next_dagrun for update_db to None, run_after=None
[2026-08-10T17:38:10.697+0000] {processor.py:183} INFO - Processing /opt/airflow/dags/main.py took 0.263 seconds
[2026-08-10T17:38:41.090+0000] {processor.py:161} INFO - Started process (PID=1055) to work on /opt/airflow/dags/main.py
[2026-08-10T17:38:41.093+0000] {processor.py:830} INFO - Processing file /opt/airflow/dags/main.py for tasks to queue
[2026-08-10T17:38:41.098+0000] {logging_mixin.py:188} INFO - [2026-08-10T17:38:41.098+0000] {dagbag.py:545} INFO - Filling up the DagBag from /opt/airflow/dags/main.py
[2026-08-10T17:38:41.319+0000] {processor.py:840} INFO - DAG(s) 'data_quality', 'update_db', 'produce_json' retrieved from /opt/airflow/dags/main.py
[2026-08-10T17:38:41.385+0000] {logging_mixin.py:188} INFO - [2026-08-10T17:38:41.385+0000] {dag.py:3096} INFO - Sync 3 DAGs
[2026-08-10T17:38:41.441+0000] {logging_mixin.py:188} INFO - [2026-08-10T17:38:41.441+0000] {dag.py:3954} INFO - Setting next_dagrun for data_quality to None, run_after=None
[2026-08-10T17:38:41.449+0000] {logging_mixin.py:188} INFO - [2026-08-10T17:38:41.449+0000] {dag.py:3954} INFO - Setting next_dagrun for produce_json to 2026-08-09 12:00:00+00:00, run_after=2026-08-10 12:00:00+00:00
[2026-08-10T17:38:41.452+0000] {logging_mixin.py:188} INFO - [2026-08-10T17:38:41.452+0000] {dag.py:3954} INFO - Setting next_dagrun for update_db to None, run_after=None
[2026-08-10T17:38:41.483+0000] {processor.py:183} INFO - Processing /opt/airflow/dags/main.py took 0.416 seconds
[2026-08-10T17:39:11.623+0000] {processor.py:161} INFO - Started process (PID=1062) to work on /opt/airflow/dags/main.py
[2026-08-10T17:39:11.626+0000] {processor.py:830} INFO - Processing file /opt/airflow/dags/main.py for tasks to queue
[2026-08-10T17:39:11.629+0000] {logging_mixin.py:188} INFO - [2026-08-10T17:39:11.629+0000] {dagbag.py:545} INFO - Filling up the DagBag from /opt/airflow/dags/main.py
[2026-08-10T17:39:11.901+0000] {processor.py:840} INFO - DAG(s) 'update_db', 'produce_json', 'data_quality' retrieved from /opt/airflow/dags/main.py
[2026-08-10T17:39:11.962+0000] {logging_mixin.py:188} INFO - [2026-08-10T17:39:11.961+0000] {dag.py:3096} INFO - Sync 3 DAGs
[2026-08-10T17:39:11.997+0000] {logging_mixin.py:188} INFO - [2026-08-10T17:39:11.996+0000] {dag.py:3954} INFO - Setting next_dagrun for data_quality to None, run_after=None
[2026-08-10T17:39:12.007+0000] {logging_mixin.py:188} INFO - [2026-08-10T17:39:12.006+0000] {dag.py:3954} INFO - Setting next_dagrun for produce_json to 2026-08-09 12:00:00+00:00, run_after=2026-08-10 12:00:00+00:00
[2026-08-10T17:39:12.010+0000] {logging_mixin.py:188} INFO - [2026-08-10T17:39:12.009+0000] {dag.py:3954} INFO - Setting next_dagrun for update_db to None, run_after=None
[2026-08-10T17:39:12.043+0000] {processor.py:183} INFO - Processing /opt/airflow/dags/main.py took 0.438 seconds
[2026-08-10T17:39:42.209+0000] {processor.py:161} INFO - Started process (PID=1069) to work on /opt/airflow/dags/main.py
[2026-08-10T17:39:42.211+0000] {processor.py:830} INFO - Processing file /opt/airflow/dags/main.py for tasks to queue
[2026-08-10T17:39:42.215+0000] {logging_mixin.py:188} INFO - [2026-08-10T17:39:42.214+0000] {dagbag.py:545} INFO - Filling up the DagBag from /opt/airflow/dags/main.py
[2026-08-10T17:39:42.473+0000] {processor.py:840} INFO - DAG(s) 'update_db', 'data_quality', 'produce_json' retrieved from /opt/airflow/dags/main.py
[2026-08-10T17:39:42.538+0000] {logging_mixin.py:188} INFO - [2026-08-10T17:39:42.537+0000] {dag.py:3096} INFO - Sync 3 DAGs
[2026-08-10T17:39:42.586+0000] {logging_mixin.py:188} INFO - [2026-08-10T17:39:42.585+0000] {dag.py:3954} INFO - Setting next_dagrun for data_quality to None, run_after=None
[2026-08-10T17:39:42.605+0000] {logging_mixin.py:188} INFO - [2026-08-10T17:39:42.604+0000] {dag.py:3954} INFO - Setting next_dagrun for produce_json to 2026-08-09 12:00:00+00:00, run_after=2026-08-10 12:00:00+00:00
[2026-08-10T17:39:42.608+0000] {logging_mixin.py:188} INFO - [2026-08-10T17:39:42.608+0000] {dag.py:3954} INFO - Setting next_dagrun for update_db to None, run_after=None
[2026-08-10T17:39:42.648+0000] {processor.py:183} INFO - Processing /opt/airflow/dags/main.py took 0.457 seconds
[2026-08-10T17:40:12.764+0000] {processor.py:161} INFO - Started process (PID=1083) to work on /opt/airflow/dags/main.py
[2026-08-10T17:40:12.767+0000] {processor.py:830} INFO - Processing file /opt/airflow/dags/main.py for tasks to queue
[2026-08-10T17:40:12.771+0000] {logging_mixin.py:188} INFO - [2026-08-10T17:40:12.770+0000] {dagbag.py:545} INFO - Filling up the DagBag from /opt/airflow/dags/main.py
[2026-08-10T17:40:12.951+0000] {processor.py:840} INFO - DAG(s) 'update_db', 'produce_json', 'data_quality' retrieved from /opt/airflow/dags/main.py
[2026-08-10T17:40:12.997+0000] {logging_mixin.py:188} INFO - [2026-08-10T17:40:12.997+0000] {dag.py:3096} INFO - Sync 3 DAGs
[2026-08-10T17:40:13.035+0000] {logging_mixin.py:188} INFO - [2026-08-10T17:40:13.034+0000] {dag.py:3954} INFO - Setting next_dagrun for data_quality to None, run_after=None
[2026-08-10T17:40:13.047+0000] {logging_mixin.py:188} INFO - [2026-08-10T17:40:13.046+0000] {dag.py:3954} INFO - Setting next_dagrun for produce_json to 2026-08-09 12:00:00+00:00, run_after=2026-08-10 12:00:00+00:00
[2026-08-10T17:40:13.052+0000] {logging_mixin.py:188} INFO - [2026-08-10T17:40:13.051+0000] {dag.py:3954} INFO - Setting next_dagrun for update_db to None, run_after=None
[2026-08-10T17:40:13.135+0000] {processor.py:183} INFO - Processing /opt/airflow/dags/main.py took 0.387 seconds
[2026-08-10T17:40:43.292+0000] {processor.py:161} INFO - Started process (PID=1090) to work on /opt/airflow/dags/main.py
[2026-08-10T17:40:43.294+0000] {processor.py:830} INFO - Processing file /opt/airflow/dags/main.py for tasks to queue
[2026-08-10T17:40:43.296+0000] {logging_mixin.py:188} INFO - [2026-08-10T17:40:43.296+0000] {dagbag.py:545} INFO - Filling up the DagBag from /opt/airflow/dags/main.py
[2026-08-10T17:40:43.471+0000] {processor.py:840} INFO - DAG(s) 'update_db', 'produce_json', 'data_quality' retrieved from /opt/airflow/dags/main.py
[2026-08-10T17:40:43.522+0000] {logging_mixin.py:188} INFO - [2026-08-10T17:40:43.521+0000] {dag.py:3096} INFO - Sync 3 DAGs
[2026-08-10T17:40:43.563+0000] {logging_mixin.py:188} INFO - [2026-08-10T17:40:43.562+0000] {dag.py:3954} INFO - Setting next_dagrun for data_quality to None, run_after=None
[2026-08-10T17:40:43.578+0000] {logging_mixin.py:188} INFO - [2026-08-10T17:40:43.577+0000] {dag.py:3954} INFO - Setting next_dagrun for produce_json to 2026-08-09 12:00:00+00:00, run_after=2026-08-10 12:00:00+00:00
[2026-08-10T17:40:43.582+0000] {logging_mixin.py:188} INFO - [2026-08-10T17:40:43.581+0000] {dag.py:3954} INFO - Setting next_dagrun for update_db to None, run_after=None
[2026-08-10T17:40:43.618+0000] {processor.py:183} INFO - Processing /opt/airflow/dags/main.py took 0.332 seconds
[2026-08-10T17:41:13.694+0000] {processor.py:161} INFO - Started process (PID=1097) to work on /opt/airflow/dags/main.py
[2026-08-10T17:41:13.696+0000] {processor.py:830} INFO - Processing file /opt/airflow/dags/main.py for tasks to queue
[2026-08-10T17:41:13.698+0000] {logging_mixin.py:188} INFO - [2026-08-10T17:41:13.698+0000] {dagbag.py:545} INFO - Filling up the DagBag from /opt/airflow/dags/main.py
[2026-08-10T17:41:13.871+0000] {processor.py:840} INFO - DAG(s) 'produce_json', 'data_quality', 'update_db' retrieved from /opt/airflow/dags/main.py
[2026-08-10T17:41:13.918+0000] {logging_mixin.py:188} INFO - [2026-08-10T17:41:13.918+0000] {dag.py:3096} INFO - Sync 3 DAGs
[2026-08-10T17:41:13.953+0000] {logging_mixin.py:188} INFO - [2026-08-10T17:41:13.952+0000] {dag.py:3954} INFO - Setting next_dagrun for data_quality to None, run_after=None
[2026-08-10T17:41:13.964+0000] {logging_mixin.py:188} INFO - [2026-08-10T17:41:13.964+0000] {dag.py:3954} INFO - Setting next_dagrun for produce_json to 2026-08-09 12:00:00+00:00, run_after=2026-08-10 12:00:00+00:00
[2026-08-10T17:41:13.967+0000] {logging_mixin.py:188} INFO - [2026-08-10T17:41:13.967+0000] {dag.py:3954} INFO - Setting next_dagrun for update_db to None, run_after=None
[2026-08-10T17:41:13.998+0000] {processor.py:183} INFO - Processing /opt/airflow/dags/main.py took 0.312 seconds
[2026-08-10T17:41:44.133+0000] {processor.py:161} INFO - Started process (PID=1104) to work on /opt/airflow/dags/main.py
[2026-08-10T17:41:44.136+0000] {processor.py:830} INFO - Processing file /opt/airflow/dags/main.py for tasks to queue
[2026-08-10T17:41:44.139+0000] {logging_mixin.py:188} INFO - [2026-08-10T17:41:44.139+0000] {dagbag.py:545} INFO - Filling up the DagBag from /opt/airflow/dags/main.py
[2026-08-10T17:41:44.306+0000] {processor.py:840} INFO - DAG(s) 'data_quality', 'update_db', 'produce_json' retrieved from /opt/airflow/dags/main.py
[2026-08-10T17:41:44.339+0000] {logging_mixin.py:188} INFO - [2026-08-10T17:41:44.339+0000] {dag.py:3096} INFO - Sync 3 DAGs
[2026-08-10T17:41:44.370+0000] {logging_mixin.py:188} INFO - [2026-08-10T17:41:44.370+0000] {dag.py:3954} INFO - Setting next_dagrun for data_quality to None, run_after=None
[2026-08-10T17:41:44.378+0000] {logging_mixin.py:188} INFO - [2026-08-10T17:41:44.378+0000] {dag.py:3954} INFO - Setting next_dagrun for produce_json to 2026-08-09 12:00:00+00:00, run_after=2026-08-10 12:00:00+00:00
[2026-08-10T17:41:44.381+0000] {logging_mixin.py:188} INFO - [2026-08-10T17:41:44.381+0000] {dag.py:3954} INFO - Setting next_dagrun for update_db to None, run_after=None
[2026-08-10T17:41:44.405+0000] {processor.py:183} INFO - Processing /opt/airflow/dags/main.py took 0.285 seconds
[2026-08-10T17:42:15.312+0000] {processor.py:161} INFO - Started process (PID=1111) to work on /opt/airflow/dags/main.py
[2026-08-10T17:42:15.314+0000] {processor.py:830} INFO - Processing file /opt/airflow/dags/main.py for tasks to queue
[2026-08-10T17:42:15.320+0000] {logging_mixin.py:188} INFO - [2026-08-10T17:42:15.320+0000] {dagbag.py:545} INFO - Filling up the DagBag from /opt/airflow/dags/main.py
[2026-08-10T17:42:15.478+0000] {processor.py:840} INFO - DAG(s) 'update_db', 'data_quality', 'produce_json' retrieved from /opt/airflow/dags/main.py
[2026-08-10T17:42:15.513+0000] {logging_mixin.py:188} INFO - [2026-08-10T17:42:15.513+0000] {dag.py:3096} INFO - Sync 3 DAGs
[2026-08-10T17:42:15.536+0000] {logging_mixin.py:188} INFO - [2026-08-10T17:42:15.536+0000] {dag.py:3954} INFO - Setting next_dagrun for data_quality to None, run_after=None
[2026-08-10T17:42:15.542+0000] {logging_mixin.py:188} INFO - [2026-08-10T17:42:15.542+0000] {dag.py:3954} INFO - Setting next_dagrun for produce_json to 2026-08-09 12:00:00+00:00, run_after=2026-08-10 12:00:00+00:00
[2026-08-10T17:42:15.544+0000] {logging_mixin.py:188} INFO - [2026-08-10T17:42:15.544+0000] {dag.py:3954} INFO - Setting next_dagrun for update_db to None, run_after=None
[2026-08-10T17:42:15.565+0000] {processor.py:183} INFO - Processing /opt/airflow/dags/main.py took 0.266 seconds
[2026-08-10T17:42:45.824+0000] {processor.py:161} INFO - Started process (PID=1118) to work on /opt/airflow/dags/main.py
[2026-08-10T17:42:45.826+0000] {processor.py:830} INFO - Processing file /opt/airflow/dags/main.py for tasks to queue
[2026-08-10T17:42:45.830+0000] {logging_mixin.py:188} INFO - [2026-08-10T17:42:45.829+0000] {dagbag.py:545} INFO - Filling up the DagBag from /opt/airflow/dags/main.py
[2026-08-10T17:42:46.005+0000] {processor.py:840} INFO - DAG(s) 'produce_json', 'update_db', 'data_quality' retrieved from /opt/airflow/dags/main.py
[2026-08-10T17:42:46.051+0000] {logging_mixin.py:188} INFO - [2026-08-10T17:42:46.051+0000] {dag.py:3096} INFO - Sync 3 DAGs
[2026-08-10T17:42:46.082+0000] {logging_mixin.py:188} INFO - [2026-08-10T17:42:46.082+0000] {dag.py:3954} INFO - Setting next_dagrun for data_quality to None, run_after=None
[2026-08-10T17:42:46.090+0000] {logging_mixin.py:188} INFO - [2026-08-10T17:42:46.090+0000] {dag.py:3954} INFO - Setting next_dagrun for produce_json to 2026-08-09 12:00:00+00:00, run_after=2026-08-10 12:00:00+00:00
[2026-08-10T17:42:46.092+0000] {logging_mixin.py:188} INFO - [2026-08-10T17:42:46.092+0000] {dag.py:3954} INFO - Setting next_dagrun for update_db to None, run_after=None
[2026-08-10T17:42:46.118+0000] {processor.py:183} INFO - Processing /opt/airflow/dags/main.py took 0.305 seconds
[2026-08-10T17:43:16.373+0000] {processor.py:161} INFO - Started process (PID=1125) to work on /opt/airflow/dags/main.py
[2026-08-10T17:43:16.374+0000] {processor.py:830} INFO - Processing file /opt/airflow/dags/main.py for tasks to queue
[2026-08-10T17:43:16.376+0000] {logging_mixin.py:188} INFO - [2026-08-10T17:43:16.376+0000] {dagbag.py:545} INFO - Filling up the DagBag from /opt/airflow/dags/main.py
[2026-08-10T17:43:16.464+0000] {processor.py:840} INFO - DAG(s) 'data_quality', 'update_db', 'produce_json' retrieved from /opt/airflow/dags/main.py
[2026-08-10T17:43:16.492+0000] {logging_mixin.py:188} INFO - [2026-08-10T17:43:16.492+0000] {dag.py:3096} INFO - Sync 3 DAGs
[2026-08-10T17:43:16.510+0000] {logging_mixin.py:188} INFO - [2026-08-10T17:43:16.510+0000] {dag.py:3954} INFO - Setting next_dagrun for data_quality to None, run_after=None
[2026-08-10T17:43:16.515+0000] {logging_mixin.py:188} INFO - [2026-08-10T17:43:16.515+0000] {dag.py:3954} INFO - Setting next_dagrun for produce_json to 2026-08-09 12:00:00+00:00, run_after=2026-08-10 12:00:00+00:00
[2026-08-10T17:43:16.517+0000] {logging_mixin.py:188} INFO - [2026-08-10T17:43:16.517+0000] {dag.py:3954} INFO - Setting next_dagrun for update_db to None, run_after=None
[2026-08-10T17:43:16.534+0000] {processor.py:183} INFO - Processing /opt/airflow/dags/main.py took 0.167 seconds
[2026-08-10T17:43:46.674+0000] {processor.py:161} INFO - Started process (PID=1132) to work on /opt/airflow/dags/main.py
[2026-08-10T17:43:46.676+0000] {processor.py:830} INFO - Processing file /opt/airflow/dags/main.py for tasks to queue
[2026-08-10T17:43:46.678+0000] {logging_mixin.py:188} INFO - [2026-08-10T17:43:46.678+0000] {dagbag.py:545} INFO - Filling up the DagBag from /opt/airflow/dags/main.py
[2026-08-10T17:43:46.838+0000] {processor.py:840} INFO - DAG(s) 'data_quality', 'produce_json', 'update_db' retrieved from /opt/airflow/dags/main.py
[2026-08-10T17:43:46.912+0000] {logging_mixin.py:188} INFO - [2026-08-10T17:43:46.911+0000] {dag.py:3096} INFO - Sync 3 DAGs
[2026-08-10T17:43:46.941+0000] {logging_mixin.py:188} INFO - [2026-08-10T17:43:46.940+0000] {dag.py:3954} INFO - Setting next_dagrun for data_quality to None, run_after=None
[2026-08-10T17:43:46.949+0000] {logging_mixin.py:188} INFO - [2026-08-10T17:43:46.949+0000] {dag.py:3954} INFO - Setting next_dagrun for produce_json to 2026-08-09 12:00:00+00:00, run_after=2026-08-10 12:00:00+00:00
[2026-08-10T17:43:46.952+0000] {logging_mixin.py:188} INFO - [2026-08-10T17:43:46.951+0000] {dag.py:3954} INFO - Setting next_dagrun for update_db to None, run_after=None
[2026-08-10T17:43:46.972+0000] {processor.py:183} INFO - Processing /opt/airflow/dags/main.py took 0.303 seconds
[2026-08-10T17:44:17.169+0000] {processor.py:161} INFO - Started process (PID=1139) to work on /opt/airflow/dags/main.py
[2026-08-10T17:44:17.170+0000] {processor.py:830} INFO - Processing file /opt/airflow/dags/main.py for tasks to queue
[2026-08-10T17:44:17.172+0000] {logging_mixin.py:188} INFO - [2026-08-10T17:44:17.172+0000] {dagbag.py:545} INFO - Filling up the DagBag from /opt/airflow/dags/main.py
[2026-08-10T17:44:17.259+0000] {processor.py:840} INFO - DAG(s) 'update_db', 'data_quality', 'produce_json' retrieved from /opt/airflow/dags/main.py
[2026-08-10T17:44:17.287+0000] {logging_mixin.py:188} INFO - [2026-08-10T17:44:17.287+0000] {dag.py:3096} INFO - Sync 3 DAGs
[2026-08-10T17:44:17.305+0000] {logging_mixin.py:188} INFO - [2026-08-10T17:44:17.305+0000] {dag.py:3954} INFO - Setting next_dagrun for data_quality to None, run_after=None
[2026-08-10T17:44:17.311+0000] {logging_mixin.py:188} INFO - [2026-08-10T17:44:17.310+0000] {dag.py:3954} INFO - Setting next_dagrun for produce_json to 2026-08-09 12:00:00+00:00, run_after=2026-08-10 12:00:00+00:00
[2026-08-10T17:44:16.774+0000] {logging_mixin.py:188} INFO - [2026-08-10T17:44:16.774+0000] {dag.py:3954} INFO - Setting next_dagrun for update_db to None, run_after=None
[2026-08-10T17:44:16.790+0000] {processor.py:183} INFO - Processing /opt/airflow/dags/main.py took 0.166 seconds
[2026-08-10T17:44:46.980+0000] {processor.py:161} INFO - Started process (PID=1145) to work on /opt/airflow/dags/main.py
[2026-08-10T17:44:46.982+0000] {processor.py:830} INFO - Processing file /opt/airflow/dags/main.py for tasks to queue
[2026-08-10T17:44:46.985+0000] {logging_mixin.py:188} INFO - [2026-08-10T17:44:46.984+0000] {dagbag.py:545} INFO - Filling up the DagBag from /opt/airflow/dags/main.py
[2026-08-10T17:44:47.122+0000] {processor.py:840} INFO - DAG(s) 'update_db', 'data_quality', 'produce_json' retrieved from /opt/airflow/dags/main.py
[2026-08-10T17:44:47.326+0000] {logging_mixin.py:188} INFO - [2026-08-10T17:44:47.325+0000] {dag.py:3096} INFO - Sync 3 DAGs
[2026-08-10T17:44:47.346+0000] {logging_mixin.py:188} INFO - [2026-08-10T17:44:47.345+0000] {dag.py:3954} INFO - Setting next_dagrun for data_quality to None, run_after=None
[2026-08-10T17:44:47.351+0000] {logging_mixin.py:188} INFO - [2026-08-10T17:44:47.351+0000] {dag.py:3954} INFO - Setting next_dagrun for produce_json to 2026-08-09 12:00:00+00:00, run_after=2026-08-10 12:00:00+00:00
[2026-08-10T17:44:47.353+0000] {logging_mixin.py:188} INFO - [2026-08-10T17:44:47.353+0000] {dag.py:3954} INFO - Setting next_dagrun for update_db to None, run_after=None
[2026-08-10T17:44:47.376+0000] {processor.py:183} INFO - Processing /opt/airflow/dags/main.py took 0.409 seconds
[2026-08-10T17:45:17.564+0000] {processor.py:161} INFO - Started process (PID=1152) to work on /opt/airflow/dags/main.py
[2026-08-10T17:45:17.565+0000] {processor.py:830} INFO - Processing file /opt/airflow/dags/main.py for tasks to queue
[2026-08-10T17:45:17.568+0000] {logging_mixin.py:188} INFO - [2026-08-10T17:45:17.568+0000] {dagbag.py:545} INFO - Filling up the DagBag from /opt/airflow/dags/main.py
[2026-08-10T17:45:17.804+0000] {processor.py:840} INFO - DAG(s) 'update_db', 'produce_json', 'data_quality' retrieved from /opt/airflow/dags/main.py
[2026-08-10T17:45:17.852+0000] {logging_mixin.py:188} INFO - [2026-08-10T17:45:17.851+0000] {dag.py:3096} INFO - Sync 3 DAGs
[2026-08-10T17:45:17.888+0000] {logging_mixin.py:188} INFO - [2026-08-10T17:45:17.888+0000] {dag.py:3954} INFO - Setting next_dagrun for data_quality to None, run_after=None
[2026-08-10T17:45:17.902+0000] {logging_mixin.py:188} INFO - [2026-08-10T17:45:17.902+0000] {dag.py:3954} INFO - Setting next_dagrun for produce_json to 2026-08-09 12:00:00+00:00, run_after=2026-08-10 12:00:00+00:00
[2026-08-10T17:45:17.905+0000] {logging_mixin.py:188} INFO - [2026-08-10T17:45:17.905+0000] {dag.py:3954} INFO - Setting next_dagrun for update_db to None, run_after=None
[2026-08-10T17:45:17.933+0000] {processor.py:183} INFO - Processing /opt/airflow/dags/main.py took 0.385 seconds
[2026-08-10T17:45:48.057+0000] {processor.py:161} INFO - Started process (PID=1159) to work on /opt/airflow/dags/main.py
[2026-08-10T17:45:48.059+0000] {processor.py:830} INFO - Processing file /opt/airflow/dags/main.py for tasks to queue
[2026-08-10T17:45:48.062+0000] {logging_mixin.py:188} INFO - [2026-08-10T17:45:48.062+0000] {dagbag.py:545} INFO - Filling up the DagBag from /opt/airflow/dags/main.py
[2026-08-10T17:45:48.208+0000] {processor.py:840} INFO - DAG(s) 'update_db', 'produce_json', 'data_quality' retrieved from /opt/airflow/dags/main.py
[2026-08-10T17:45:48.236+0000] {logging_mixin.py:188} INFO - [2026-08-10T17:45:48.236+0000] {dag.py:3096} INFO - Sync 3 DAGs
[2026-08-10T17:45:48.257+0000] {logging_mixin.py:188} INFO - [2026-08-10T17:45:48.256+0000] {dag.py:3954} INFO - Setting next_dagrun for data_quality to None, run_after=None
[2026-08-10T17:45:48.262+0000] {logging_mixin.py:188} INFO - [2026-08-10T17:45:48.262+0000] {dag.py:3954} INFO - Setting next_dagrun for produce_json to 2026-08-09 12:00:00+00:00, run_after=2026-08-10 12:00:00+00:00
[2026-08-10T17:45:48.264+0000] {logging_mixin.py:188} INFO - [2026-08-10T17:45:48.263+0000] {dag.py:3954} INFO - Setting next_dagrun for update_db to None, run_after=None
[2026-08-10T17:45:48.280+0000] {processor.py:183} INFO - Processing /opt/airflow/dags/main.py took 0.234 seconds
[2026-08-10T17:46:18.328+0000] {processor.py:161} INFO - Started process (PID=1166) to work on /opt/airflow/dags/main.py
[2026-08-10T17:46:18.329+0000] {processor.py:830} INFO - Processing file /opt/airflow/dags/main.py for tasks to queue
[2026-08-10T17:46:18.331+0000] {logging_mixin.py:188} INFO - [2026-08-10T17:46:18.331+0000] {dagbag.py:545} INFO - Filling up the DagBag from /opt/airflow/dags/main.py
[2026-08-10T17:46:18.439+0000] {processor.py:840} INFO - DAG(s) 'data_quality', 'update_db', 'produce_json' retrieved from /opt/airflow/dags/main.py
[2026-08-10T17:46:18.465+0000] {logging_mixin.py:188} INFO - [2026-08-10T17:46:18.465+0000] {dag.py:3096} INFO - Sync 3 DAGs
[2026-08-10T17:46:18.485+0000] {logging_mixin.py:188} INFO - [2026-08-10T17:46:18.484+0000] {dag.py:3954} INFO - Setting next_dagrun for data_quality to None, run_after=None
[2026-08-10T17:46:18.492+0000] {logging_mixin.py:188} INFO - [2026-08-10T17:46:18.491+0000] {dag.py:3954} INFO - Setting next_dagrun for produce_json to 2026-08-09 12:00:00+00:00, run_after=2026-08-10 12:00:00+00:00
[2026-08-10T17:46:18.494+0000] {logging_mixin.py:188} INFO - [2026-08-10T17:46:18.494+0000] {dag.py:3954} INFO - Setting next_dagrun for update_db to None, run_after=None
[2026-08-10T17:46:18.514+0000] {processor.py:183} INFO - Processing /opt/airflow/dags/main.py took 0.192 seconds
[2026-08-10T17:46:49.418+0000] {processor.py:161} INFO - Started process (PID=1173) to work on /opt/airflow/dags/main.py
[2026-08-10T17:46:49.419+0000] {processor.py:830} INFO - Processing file /opt/airflow/dags/main.py for tasks to queue
[2026-08-10T17:46:49.422+0000] {logging_mixin.py:188} INFO - [2026-08-10T17:46:49.421+0000] {dagbag.py:545} INFO - Filling up the DagBag from /opt/airflow/dags/main.py
[2026-08-10T17:46:49.576+0000] {processor.py:840} INFO - DAG(s) 'produce_json', 'update_db', 'data_quality' retrieved from /opt/airflow/dags/main.py
[2026-08-10T17:46:49.619+0000] {logging_mixin.py:188} INFO - [2026-08-10T17:46:49.618+0000] {dag.py:3096} INFO - Sync 3 DAGs
[2026-08-10T17:46:49.649+0000] {logging_mixin.py:188} INFO - [2026-08-10T17:46:49.648+0000] {dag.py:3954} INFO - Setting next_dagrun for data_quality to None, run_after=None
[2026-08-10T17:46:49.656+0000] {logging_mixin.py:188} INFO - [2026-08-10T17:46:49.656+0000] {dag.py:3954} INFO - Setting next_dagrun for produce_json to 2026-08-09 12:00:00+00:00, run_after=2026-08-10 12:00:00+00:00
[2026-08-10T17:46:49.658+0000] {logging_mixin.py:188} INFO - [2026-08-10T17:46:49.658+0000] {dag.py:3954} INFO - Setting next_dagrun for update_db to None, run_after=None
[2026-08-10T17:46:49.684+0000] {processor.py:183} INFO - Processing /opt/airflow/dags/main.py took 0.273 seconds
